movie_id,image_url
1,https://an2-img.amz.wtchn.net/image/v2/7eeb7943f2851a4d3d25fc056868753f.jpg?jwt=ZXlKaGJHY2lPaUpJVXpJMU5pSjkuZXlKaVlXTnJaM0p2ZFc1a0lqcDdJbklpT2pJMU5Td2laeUk2TWpVMUxDSmlJam95TlRWOUxDSmpjbTl3SWpwMGNuVmxMQ0pvWldsbmFIUWlPak0yTUN3aWNHRjBhQ0k2SWk5Mk1pOXpkRzl5WlM5cGJXRm5aUzh4TmpJMk56YzJPRGN6TWpnMk5EQXdNalEzSWl3aWNYVmhiR2wwZVNJNk9EQXNJbmRwWkhSb0lqbzJOREI5LkY1Wm44TVluZGp2aVZEQXE5RjI1X0N3T2l0NVlLSWJTeGNmV3pFTXZ2eEU&quot
1,https://an2-img.amz.wtchn.net/image/v2/b1428ba06dad817c0411fcfcde72dd44.jpg?jwt=ZXlKaGJHY2lPaUpJVXpJMU5pSjkuZXlKaVlXTnJaM0p2ZFc1a0lqcDdJbklpT2pJMU5Td2laeUk2TWpVMUxDSmlJam95TlRWOUxDSmpjbTl3SWpwMGNuVmxMQ0pvWldsbmFIUWlPak0yTUN3aWNHRjBhQ0k2SWk5Mk1pOXpkRzl5WlM5cGJXRm5aUzh4TmpJMk56YzJPRGN6TnprNE5qY3lNekUxSWl3aWNYVmhiR2wwZVNJNk9EQXNJbmRwWkhSb0lqbzJOREI5LmNVYzNzRC1wamVJYmNtRzZjQnVpZW5EdnJNbHdYcWh1YkZOd0h3bUxJY0E&quot
1,https://an2-img.amz.wtchn.net/image/v2/77649b6137d3420abe3bba1ac2bb5dcc.jpg?jwt=ZXlKaGJHY2lPaUpJVXpJMU5pSjkuZXlKaVlXTnJaM0p2ZFc1a0lqcDdJbklpT2pJMU5Td2laeUk2TWpVMUxDSmlJam95TlRWOUxDSmpjbTl3SWpwMGNuVmxMQ0pvWldsbmFIUWlPak0yTUN3aWNHRjBhQ0k2SWk5Mk1pOXpkRzl5WlM5cGJXRm5aUzh4TmpJMk56YzJPRGN5T0RrM05UVTFNVGszSWl3aWNYVmhiR2wwZVNJNk9EQXNJbmRwWkhSb0lqbzJOREI5LkozRTVsV1Q4WGxJTFp6VTZxRnhUQThBc09rZlJpY3pWaG1FS1J6R080RGs&quot
2,https://an2-img.amz.wtchn.net/image/v2/874ca4833ded227d47e936828125a448.jpg?jwt=ZXlKaGJHY2lPaUpJVXpJMU5pSjkuZXlKaVlXTnJaM0p2ZFc1a0lqcDdJbklpT2pJMU5Td2laeUk2TWpVMUxDSmlJam95TlRWOUxDSmpjbTl3SWpwMGNuVmxMQ0pvWldsbmFIUWlPak0yTUN3aWNHRjBhQ0k2SWk5Mk1TOTFkMlpvWW0xNWVXNW9kbXB6Ykc1amFqVnpieUlzSW5GMVlXeHBkSGtpT2pnd0xDSjNhV1IwYUNJNk5qUXdmUS5JQXJzWHpRZVdrSnMwQVl0a1pYNGhJdmhvY1g1M2RWd3NOeEtQVmVsTnZJ&quot
2,https://an2-img.amz.wtchn.net/image/v2/c1e305cee9feee4b3dc3c84a936b5000.jpg?jwt=ZXlKaGJHY2lPaUpJVXpJMU5pSjkuZXlKaVlXTnJaM0p2ZFc1a0lqcDdJbklpT2pJMU5Td2laeUk2TWpVMUxDSmlJam95TlRWOUxDSmpjbTl3SWpwMGNuVmxMQ0pvWldsbmFIUWlPak0yTUN3aWNHRjBhQ0k2SWk5Mk1TOXRjREZ4ZVc0dE1TSXNJbkYxWVd4cGRIa2lPamd3TENKM2FXUjBhQ0k2TmpRd2ZRLlNFbmpGR2Q3dnMzYWVNYWRpNzhaZHYzRF9aWmdNTnRTYXNkaTEtSGpNckE&quot
3,https://an2-img.amz.wtchn.net/image/v2/bf47b23bccf6ecd86077a9f14ecf9aff.jpg?jwt=ZXlKaGJHY2lPaUpJVXpJMU5pSjkuZXlKaVlXTnJaM0p2ZFc1a0lqcDdJbklpT2pJMU5Td2laeUk2TWpVMUxDSmlJam95TlRWOUxDSmpjbTl3SWpwMGNuVmxMQ0pvWldsbmFIUWlPak0yTUN3aWNHRjBhQ0k2SWk5Mk1TOTBkSGM0Y21WcGR6QnlkWHByZDJReWRIbGhhaUlzSW5GMVlXeHBkSGtpT2pnd0xDSjNhV1IwYUNJNk5qUXdmUS5DU01wU3RhdVktSjllXzZ3YXJISHJPZzdCTnpaSUVDaGhjNmpqZFp0MGxJ&quot
3,https://an2-img.amz.wtchn.net/image/v2/8b832c37a665b2bcb058af8343cb5bc9.jpg?jwt=ZXlKaGJHY2lPaUpJVXpJMU5pSjkuZXlKaVlXTnJaM0p2ZFc1a0lqcDdJbklpT2pJMU5Td2laeUk2TWpVMUxDSmlJam95TlRWOUxDSmpjbTl3SWpwMGNuVmxMQ0pvWldsbmFIUWlPak0yTUN3aWNHRjBhQ0k2SWk5Mk1TOWxkamg2ZEhOcGFYZ3hOWFp2TVdOMmNHOTBkQ0lzSW5GMVlXeHBkSGtpT2pnd0xDSjNhV1IwYUNJNk5qUXdmUS5JNmRNeTFVSG5sTkh5ZXdnTjgzZXlndGlrb0hzZEc5aGNvQ1h3aC1TaVJR&quot
3,https://an2-img.amz.wtchn.net/image/v2/d7da3b6917b1b7c5c126d3862ff7c561.jpg?jwt=ZXlKaGJHY2lPaUpJVXpJMU5pSjkuZXlKaVlXTnJaM0p2ZFc1a0lqcDdJbklpT2pJMU5Td2laeUk2TWpVMUxDSmlJam95TlRWOUxDSmpjbTl3SWpwMGNuVmxMQ0pvWldsbmFIUWlPak0yTUN3aWNHRjBhQ0k2SWk5Mk1TOW9ORzUyWm1rd01HMTFiSE5pWTJKMGJuWTFiaUlzSW5GMVlXeHBkSGtpT2pnd0xDSjNhV1IwYUNJNk5qUXdmUS5Mcm5YWGhpSzItVk16cjJkSlNUN1VLWGZwalpJcXktOUo0MGVXZS1nRG40&quot
4,https://an2-img.amz.wtchn.net/image/v2/055d1c1a32d4249995c9b4288e801ebc.jpg?jwt=ZXlKaGJHY2lPaUpJVXpJMU5pSjkuZXlKaVlXTnJaM0p2ZFc1a0lqcDdJbklpT2pJMU5Td2laeUk2TWpVMUxDSmlJam95TlRWOUxDSmpjbTl3SWpwMGNuVmxMQ0pvWldsbmFIUWlPak0yTUN3aWNHRjBhQ0k2SWk5Mk1TOXZaMmxsZERsc1kydGlZM0ZpWlhab2JtZDZZaUlzSW5GMVlXeHBkSGtpT2pnd0xDSjNhV1IwYUNJNk5qUXdmUS5CZTZGSEE1dXFtcWg2clpZRkdVMVI0QTh3ZnFpTmRVRnotX2lqTVRyd3lj&quot
4,https://an2-img.amz.wtchn.net/image/v2/84e6fc5fa6bc0d69e6e5d7074ddc1368.jpg?jwt=ZXlKaGJHY2lPaUpJVXpJMU5pSjkuZXlKaVlXTnJaM0p2ZFc1a0lqcDdJbklpT2pJMU5Td2laeUk2TWpVMUxDSmlJam95TlRWOUxDSmpjbTl3SWpwMGNuVmxMQ0pvWldsbmFIUWlPak0yTUN3aWNHRjBhQ0k2SWk5Mk1TOTRiMlYxYUhweGJXaHdkWE5yZG1ObWRqTjFaU0lzSW5GMVlXeHBkSGtpT2pnd0xDSjNhV1IwYUNJNk5qUXdmUS5IeXpBQXM4d1NMNEZFUllUY0dpd21HeHZxNGswRVE0NDBoSzliWndfUE44&quot
4,https://an2-img.amz.wtchn.net/image/v2/ec7ab4688475fedcb1accf9a3d504b1b.jpg?jwt=ZXlKaGJHY2lPaUpJVXpJMU5pSjkuZXlKaVlXTnJaM0p2ZFc1a0lqcDdJbklpT2pJMU5Td2laeUk2TWpVMUxDSmlJam95TlRWOUxDSmpjbTl3SWpwMGNuVmxMQ0pvWldsbmFIUWlPak0yTUN3aWNHRjBhQ0k2SWk5Mk1TOW1iMjlzYjJ4NWVHcG9ObmgyTnpkMWNYTmxjeUlzSW5GMVlXeHBkSGtpT2pnd0xDSjNhV1IwYUNJNk5qUXdmUS5uaTVBcno3c0ZEYXdqTWJhcGRxR3EwZElCOVBXaWUxOGxqenpCbWdrTm4w&quot
5,https://an2-img.amz.wtchn.net/image/v2/81507bca415538fbe0ef0991d0b7920b.jpg?jwt=ZXlKaGJHY2lPaUpJVXpJMU5pSjkuZXlKaVlXTnJaM0p2ZFc1a0lqcDdJbklpT2pJMU5Td2laeUk2TWpVMUxDSmlJam95TlRWOUxDSmpjbTl3SWpwMGNuVmxMQ0pvWldsbmFIUWlPak0yTUN3aWNHRjBhQ0k2SWk5Mk1TOXRjbVZ4Y0RZdE1qVTJOQ0lzSW5GMVlXeHBkSGtpT2pnd0xDSjNhV1IwYUNJNk5qUXdmUS5LVXktMTVQWk9kU25GUk5FcU5wSlZiaUxETzdzdFlOQjVNaTVRa0pBMHQw&quot
6,https://an2-img.amz.wtchn.net/image/v2/424fc62f5febf29f07e24bb6a8fb089c.jpg?jwt=ZXlKaGJHY2lPaUpJVXpJMU5pSjkuZXlKaVlXTnJaM0p2ZFc1a0lqcDdJbklpT2pJMU5Td2laeUk2TWpVMUxDSmlJam95TlRWOUxDSmpjbTl3SWpwMGNuVmxMQ0pvWldsbmFIUWlPak0yTUN3aWNHRjBhQ0k2SWk5Mk1TOWphblJuZEd4a01YWjRlWEEzTW5waU1qTmtjQ0lzSW5GMVlXeHBkSGtpT2pnd0xDSjNhV1IwYUNJNk5qUXdmUS5yZnpVSXI3dXMxRzE2eU9Bd3VYNzc3YlJ4SkUxN203Z0p2OXFLcjhPZVZR&quot
7,https://an2-img.amz.wtchn.net/image/v2/b98e16b55504ae06c6d0ad0cb92e926f.jpg?jwt=ZXlKaGJHY2lPaUpJVXpJMU5pSjkuZXlKaVlXTnJaM0p2ZFc1a0lqcDdJbklpT2pJMU5Td2laeUk2TWpVMUxDSmlJam95TlRWOUxDSmpjbTl3SWpwMGNuVmxMQ0pvWldsbmFIUWlPak0yTUN3aWNHRjBhQ0k2SWk5Mk1TOXRjbXB0WVhjdE1UYzFOVE1pTENKeGRXRnNhWFI1SWpvNE1Dd2lkMmxrZEdnaU9qWTBNSDAuMDJpcjlseTRVWGtSMXJaVmh1LWFlVGFoSFNEcWVLSUpJR0pFeTJxcXd3aw&quot
8,https://an2-img.amz.wtchn.net/image/v2/9c30ce06ee0cbc087155ded1380119ae.jpg?jwt=ZXlKaGJHY2lPaUpJVXpJMU5pSjkuZXlKaVlXTnJaM0p2ZFc1a0lqcDdJbklpT2pJMU5Td2laeUk2TWpVMUxDSmlJam95TlRWOUxDSmpjbTl3SWpwMGNuVmxMQ0pvWldsbmFIUWlPak0yTUN3aWNHRjBhQ0k2SWk5Mk1TOXRhbWhtTVhJdE5qWTVPU0lzSW5GMVlXeHBkSGtpT2pnd0xDSjNhV1IwYUNJNk5qUXdmUS5rTkdvb2RxWWxqQXhWNG8wQmVMUldCcURUSHBaQ18tM19wUkp0b1JYUjR3&quot
8,https://an2-img.amz.wtchn.net/image/v2/f48495dddd1aa9e8100bbbaa8b229e40.jpg?jwt=ZXlKaGJHY2lPaUpJVXpJMU5pSjkuZXlKaVlXTnJaM0p2ZFc1a0lqcDdJbklpT2pJMU5Td2laeUk2TWpVMUxDSmlJam95TlRWOUxDSmpjbTl3SWpwMGNuVmxMQ0pvWldsbmFIUWlPak0yTUN3aWNHRjBhQ0k2SWk5Mk1TOXRjekJ3ZUhobVpqRjFiWFpqZERNNFpESjFZeUlzSW5GMVlXeHBkSGtpT2pnd0xDSjNhV1IwYUNJNk5qUXdmUS5SWnRCVEM1TkQ1cGYxRV84LVZpdGNNX2dYREY4MkZxU0dKSThfdFkyLUs4&quot
8,https://an2-img.amz.wtchn.net/image/v2/0e584c409be797f2e7f1889bb8f15cff.jpg?jwt=ZXlKaGJHY2lPaUpJVXpJMU5pSjkuZXlKaVlXTnJaM0p2ZFc1a0lqcDdJbklpT2pJMU5Td2laeUk2TWpVMUxDSmlJam95TlRWOUxDSmpjbTl3SWpwMGNuVmxMQ0pvWldsbmFIUWlPak0yTUN3aWNHRjBhQ0k2SWk5Mk1TOXRiemd6Y1RsMWVuSjBjWFZvYnpKa2RHdGliaUlzSW5GMVlXeHBkSGtpT2pnd0xDSjNhV1IwYUNJNk5qUXdmUS5yRjBqd1hmbVZVZTVJMnhCaGtaSGp6bHRzNUlKWkMxZk9YeG1pWGkyeEJv&quot
9,https://an2-img.amz.wtchn.net/image/v2/41d468c65a915e8314045308b9bb768b.jpg?jwt=ZXlKaGJHY2lPaUpJVXpJMU5pSjkuZXlKaVlXTnJaM0p2ZFc1a0lqcDdJbklpT2pJMU5Td2laeUk2TWpVMUxDSmlJam95TlRWOUxDSmpjbTl3SWpwMGNuVmxMQ0pvWldsbmFIUWlPak0yTUN3aWNHRjBhQ0k2SWk5Mk1TOXNiV00wYW1KdmNtRnFlbmhzYW14M01Ya3dieUlzSW5GMVlXeHBkSGtpT2pnd0xDSjNhV1IwYUNJNk5qUXdmUS5PcGZyMFBVVDIzMGxBNmVQZkZKRlJWZUN5dTQweVEySkZCSGNNWllMRmFV&quot
9,https://an2-img.amz.wtchn.net/image/v2/41d468c65a915e8314045308b9bb768b.jpg?jwt=ZXlKaGJHY2lPaUpJVXpJMU5pSjkuZXlKaVlXTnJaM0p2ZFc1a0lqcDdJbklpT2pJMU5Td2laeUk2TWpVMUxDSmlJam95TlRWOUxDSmpjbTl3SWpwMGNuVmxMQ0pvWldsbmFIUWlPak0yTUN3aWNHRjBhQ0k2SWk5Mk1TOXNiV00wYW1KdmNtRnFlbmhzYW14M01Ya3dieUlzSW5GMVlXeHBkSGtpT2pnd0xDSjNhV1IwYUNJNk5qUXdmUS5PcGZyMFBVVDIzMGxBNmVQZkZKRlJWZUN5dTQweVEySkZCSGNNWllMRmFV&quot
10,https://an2-img.amz.wtchn.net/image/v2/bc4ea8008e9d36bdee7408ed728bfcfe.jpg?jwt=ZXlKaGJHY2lPaUpJVXpJMU5pSjkuZXlKaVlXTnJaM0p2ZFc1a0lqcDdJbklpT2pJMU5Td2laeUk2TWpVMUxDSmlJam95TlRWOUxDSmpjbTl3SWpwMGNuVmxMQ0pvWldsbmFIUWlPak0yTUN3aWNHRjBhQ0k2SWk5Mk1TOXRjbXRyYzJ3eWEzZHFNbVp2YldsbmFYcDBjeUlzSW5GMVlXeHBkSGtpT2pnd0xDSjNhV1IwYUNJNk5qUXdmUS51NmhFN1l2WUU2c0tzMFBEbEhYSVUySGs0ZWtvcG5WTG9Ibmdjb3d0S1lv&quot
11,https://an2-img.amz.wtchn.net/image/v2/8dd0243c5029f344cd396bb75bcc6285.jpg?jwt=ZXlKaGJHY2lPaUpJVXpJMU5pSjkuZXlKaVlXTnJaM0p2ZFc1a0lqcDdJbklpT2pJMU5Td2laeUk2TWpVMUxDSmlJam95TlRWOUxDSmpjbTl3SWpwMGNuVmxMQ0pvWldsbmFIUWlPak0yTUN3aWNHRjBhQ0k2SWk5Mk1TOXRObnB6TUhjdE5qWXpNaUlzSW5GMVlXeHBkSGtpT2pnd0xDSjNhV1IwYUNJNk5qUXdmUS5NTWhIbndIam1IRmxqYUZ3cTZSc19TdGtHUnN2X0E1Skk2Y25CRDBiNzBJ&quot
12,https://an2-img.amz.wtchn.net/image/v2/5a8ee412b20cb8ccfd00e7b98e59cafa.jpg?jwt=ZXlKaGJHY2lPaUpJVXpJMU5pSjkuZXlKaVlXTnJaM0p2ZFc1a0lqcDdJbklpT2pJMU5Td2laeUk2TWpVMUxDSmlJam95TlRWOUxDSmpjbTl3SWpwMGNuVmxMQ0pvWldsbmFIUWlPak0yTUN3aWNHRjBhQ0k2SWk5Mk1TOXVNSHBwYjNrNWVIcG1iMmQ0YW1KM2NtSnVhU0lzSW5GMVlXeHBkSGtpT2pnd0xDSjNhV1IwYUNJNk5qUXdmUS5SOElOYVQ2b1lqcW9aeUR3N1VwOFlrVmJmY3JpSXYtclMxWGF6YnM3QkR3&quot
12,https://an2-img.amz.wtchn.net/image/v2/853f92d8f7241f2f2dc9917c9b0e6e6a.jpg?jwt=ZXlKaGJHY2lPaUpJVXpJMU5pSjkuZXlKaVlXTnJaM0p2ZFc1a0lqcDdJbklpT2pJMU5Td2laeUk2TWpVMUxDSmlJam95TlRWOUxDSmpjbTl3SWpwMGNuVmxMQ0pvWldsbmFIUWlPak0yTUN3aWNHRjBhQ0k2SWk5Mk1TOTNObVZ0ZGpkdmIzSnVlWGgwYlhweWVXcHRheUlzSW5GMVlXeHBkSGtpT2pnd0xDSjNhV1IwYUNJNk5qUXdmUS42WXJuUm43QnFGMzlReS1LRVpNQUUwVHVvVG5rd2pkTjhWLWxDN3dmT2FB&quot
12,https://an2-img.amz.wtchn.net/image/v2/0f6e214655ada3ecebed21a93e855676.jpg?jwt=ZXlKaGJHY2lPaUpJVXpJMU5pSjkuZXlKaVlXTnJaM0p2ZFc1a0lqcDdJbklpT2pJMU5Td2laeUk2TWpVMUxDSmlJam95TlRWOUxDSmpjbTl3SWpwMGNuVmxMQ0pvWldsbmFIUWlPak0yTUN3aWNHRjBhQ0k2SWk5Mk1TOXBiM1U0ZEhabU5EUnZabmh4Y21rMGRuQjZjQ0lzSW5GMVlXeHBkSGtpT2pnd0xDSjNhV1IwYUNJNk5qUXdmUS5zdEdBcU5KT2pIVzlUWWo5NlNMcXN3V2FDc3ZQVnpWRmVFUThLcWl6OXU0&quot
13,https://an2-img.amz.wtchn.net/image/v2/973d699407101ed8b859b0b0e7a03a26.jpg?jwt=ZXlKaGJHY2lPaUpJVXpJMU5pSjkuZXlKaVlXTnJaM0p2ZFc1a0lqcDdJbklpT2pJMU5Td2laeUk2TWpVMUxDSmlJam95TlRWOUxDSmpjbTl3SWpwMGNuVmxMQ0pvWldsbmFIUWlPak0yTUN3aWNHRjBhQ0k2SWk5Mk1TOXRNblo0YWpRdE5qQXpPU0lzSW5GMVlXeHBkSGtpT2pnd0xDSjNhV1IwYUNJNk5qUXdmUS5VU3J4X2dlcVF1TGdaTXFLQlZOUHZHMHpqWUg3VVFsTXByS3ZpYmlCVlBZ&quot
14,https://an2-img.amz.wtchn.net/image/v2/57f1f92b7d54080708738d689185202c.jpg?jwt=ZXlKaGJHY2lPaUpJVXpJMU5pSjkuZXlKaVlXTnJaM0p2ZFc1a0lqcDdJbklpT2pJMU5Td2laeUk2TWpVMUxDSmlJam95TlRWOUxDSmpjbTl3SWpwMGNuVmxMQ0pvWldsbmFIUWlPak0yTUN3aWNHRjBhQ0k2SWk5Mk1TOXRhbWN6Tm5JdE1URTJNVE16SWl3aWNYVmhiR2wwZVNJNk9EQXNJbmRwWkhSb0lqbzJOREI5LnFOX3hxSW9EQmxYeS1PMVMtMzRXSFZVOUhkNkdZX2UyYl9oZEhCRUpOeUk&quot
15,https://an2-img.amz.wtchn.net/image/v2/5e6317182086d12003001c154cd0af4f.jpg?jwt=ZXlKaGJHY2lPaUpJVXpJMU5pSjkuZXlKaVlXTnJaM0p2ZFc1a0lqcDdJbklpT2pJMU5Td2laeUk2TWpVMUxDSmlJam95TlRWOUxDSmpjbTl3SWpwMGNuVmxMQ0pvWldsbmFIUWlPak0yTUN3aWNHRjBhQ0k2SWk5Mk1TOXRjV1V3WXpVdE16VWlMQ0p4ZFdGc2FYUjVJam80TUN3aWQybGtkR2dpT2pZME1IMC5fa25LbHh1bFp5allFbXRtMWh1cEtFRExpOFg5WXVJMG11dG55UjlKbjc4&quot
16,https://an2-img.amz.wtchn.net/image/v2/ee055c53a0e3eea3bec7e21607751413.jpg?jwt=ZXlKaGJHY2lPaUpJVXpJMU5pSjkuZXlKaVlXTnJaM0p2ZFc1a0lqcDdJbklpT2pJMU5Td2laeUk2TWpVMUxDSmlJam95TlRWOUxDSmpjbTl3SWpwMGNuVmxMQ0pvWldsbmFIUWlPak0yTUN3aWNHRjBhQ0k2SWk5Mk1TOXRkMmQ0YldNdE9URTNOek1pTENKeGRXRnNhWFI1SWpvNE1Dd2lkMmxrZEdnaU9qWTBNSDAuQ3ZXbk5nTFZhWkh0bWVMWEZUYy1WVEFxRmsya2FEUHlVMURHaXpPOGdocw&quot
17,https://an2-img.amz.wtchn.net/image/v2/8087e276d2f90bdb2a1a25ce73c09084.jpg?jwt=ZXlKaGJHY2lPaUpJVXpJMU5pSjkuZXlKaVlXTnJaM0p2ZFc1a0lqcDdJbklpT2pJMU5Td2laeUk2TWpVMUxDSmlJam95TlRWOUxDSmpjbTl3SWpwMGNuVmxMQ0pvWldsbmFIUWlPak0yTUN3aWNHRjBhQ0k2SWk5Mk1TOTJNblo1ZEdsNGJIQnpaMmhrY1haaWNYZGtjQ0lzSW5GMVlXeHBkSGtpT2pnd0xDSjNhV1IwYUNJNk5qUXdmUS5VSzZ4aFl0dlJQVU1wdUVMSzA3UGRGUjNqV3pCRTRiOFFndW5pVEk0RGVJ&quot
17,https://an2-img.amz.wtchn.net/image/v2/22834010b9e5202e8367316953dcf16c.jpg?jwt=ZXlKaGJHY2lPaUpJVXpJMU5pSjkuZXlKaVlXTnJaM0p2ZFc1a0lqcDdJbklpT2pJMU5Td2laeUk2TWpVMUxDSmlJam95TlRWOUxDSmpjbTl3SWpwMGNuVmxMQ0pvWldsbmFIUWlPak0yTUN3aWNHRjBhQ0k2SWk5Mk1pOXpkRzl5WlM5cGJXRm5aUzh4TmpFek9UYzNOVFUyTVRBd01UY3lOelk1SWl3aWNYVmhiR2wwZVNJNk9EQXNJbmRwWkhSb0lqbzJOREI5LlRDenp4MmxhcC1hbVBlbnZjMVJJQzFYcllldVo1U2ktYXV5QlhLYWJXaE0&quot
17,https://an2-img.amz.wtchn.net/image/v2/9bceb9b008259d5e334ee598fc00a993.jpg?jwt=ZXlKaGJHY2lPaUpJVXpJMU5pSjkuZXlKaVlXTnJaM0p2ZFc1a0lqcDdJbklpT2pJMU5Td2laeUk2TWpVMUxDSmlJam95TlRWOUxDSmpjbTl3SWpwMGNuVmxMQ0pvWldsbmFIUWlPak0yTUN3aWNHRjBhQ0k2SWk5Mk1pOXpkRzl5WlM5cGJXRm5aUzh4TmpFek9UYzNOVFUyTURrNE1UZzVNVFEwSWl3aWNYVmhiR2wwZVNJNk9EQXNJbmRwWkhSb0lqbzJOREI5LmJJcmZtTTZCMDhHWmZNMXlNcnAyMzdfcGgtcVpWQTB6Y3BUbzVYVXAwUHM&quot
18,https://an2-img.amz.wtchn.net/image/v2/37df378915c7d514e0363a0e9b7c9087.jpg?jwt=ZXlKaGJHY2lPaUpJVXpJMU5pSjkuZXlKaVlXTnJaM0p2ZFc1a0lqcDdJbklpT2pJMU5Td2laeUk2TWpVMUxDSmlJam95TlRWOUxDSmpjbTl3SWpwMGNuVmxMQ0pvWldsbmFIUWlPak0yTUN3aWNHRjBhQ0k2SWk5Mk1TOXRiV2R1TVd3dE1UZ3pNRE1pTENKeGRXRnNhWFI1SWpvNE1Dd2lkMmxrZEdnaU9qWTBNSDAuOU5MbFRvV0dqMi1pN3J5dkdHWkZuSlVydC1DZG92U1ZndDBNVnFlT0c5VQ&quot
19,https://an2-img.amz.wtchn.net/image/v2/e170dc34107b22c19e9602f81747fd86.jpg?jwt=ZXlKaGJHY2lPaUpJVXpJMU5pSjkuZXlKaVlXTnJaM0p2ZFc1a0lqcDdJbklpT2pJMU5Td2laeUk2TWpVMUxDSmlJam95TlRWOUxDSmpjbTl3SWpwMGNuVmxMQ0pvWldsbmFIUWlPak0yTUN3aWNHRjBhQ0k2SWk5Mk1TOTRZamxsWVRsb1kydDRhMjh4ZW0xemFHdDNkaUlzSW5GMVlXeHBkSGtpT2pnd0xDSjNhV1IwYUNJNk5qUXdmUS44R2ppYkVrLVpkcHBfaHhSTEl0ZjVGT2dkZ1MwOHByWlhRQzZlVUJBa0xV&quot
19,https://an2-img.amz.wtchn.net/image/v2/976d28101156ef63e605066a0ab1645e.jpg?jwt=ZXlKaGJHY2lPaUpJVXpJMU5pSjkuZXlKaVlXTnJaM0p2ZFc1a0lqcDdJbklpT2pJMU5Td2laeUk2TWpVMUxDSmlJam95TlRWOUxDSmpjbTl3SWpwMGNuVmxMQ0pvWldsbmFIUWlPak0yTUN3aWNHRjBhQ0k2SWk5Mk1TOWlkMjQwWjI4NWRXZ3lZMmh6Y1dObk4zTnBPU0lzSW5GMVlXeHBkSGtpT2pnd0xDSjNhV1IwYUNJNk5qUXdmUS5GejFaN0FXcUlMaEVtd0kxR29xUUJhalFxNG9ZNnhOVDc1NFdSNkxpZENR&quot
19,https://an2-img.amz.wtchn.net/image/v2/b8ff25dc3a1048d706ac7f6584b90e1c.jpg?jwt=ZXlKaGJHY2lPaUpJVXpJMU5pSjkuZXlKaVlXTnJaM0p2ZFc1a0lqcDdJbklpT2pJMU5Td2laeUk2TWpVMUxDSmlJam95TlRWOUxDSmpjbTl3SWpwMGNuVmxMQ0pvWldsbmFIUWlPak0yTUN3aWNHRjBhQ0k2SWk5Mk1TOXpiemxyWlRGaWNYcHRjM2wxZEROaGJETmtkeUlzSW5GMVlXeHBkSGtpT2pnd0xDSjNhV1IwYUNJNk5qUXdmUS53Y1dIYWM2VzZTbXRNR0R6R2JWRzdiWExZUDBUc3Z2dWhtMVVRaVNjQUZv&quot
20,https://an2-img.amz.wtchn.net/image/v2/834afb073e40251e3282516b000d84fb.jpg?jwt=ZXlKaGJHY2lPaUpJVXpJMU5pSjkuZXlKaVlXTnJaM0p2ZFc1a0lqcDdJbklpT2pJMU5Td2laeUk2TWpVMUxDSmlJam95TlRWOUxDSmpjbTl3SWpwMGNuVmxMQ0pvWldsbmFIUWlPak0yTUN3aWNHRjBhQ0k2SWk5Mk1TOXZkekY1TjJSNVpEZzNNR1ZoYTNKclpXbDBNQ0lzSW5GMVlXeHBkSGtpT2pnd0xDSjNhV1IwYUNJNk5qUXdmUS5LSUpQWlk1RHVLWkgwWXE5SW1LVWExYkYxM3k2N0xRR21qTnFVQU11MzBR&quot
20,https://an2-img.amz.wtchn.net/image/v2/a7baae00b013253783e0eb5260904d9a.jpg?jwt=ZXlKaGJHY2lPaUpJVXpJMU5pSjkuZXlKaVlXTnJaM0p2ZFc1a0lqcDdJbklpT2pJMU5Td2laeUk2TWpVMUxDSmlJam95TlRWOUxDSmpjbTl3SWpwMGNuVmxMQ0pvWldsbmFIUWlPak0yTUN3aWNHRjBhQ0k2SWk5Mk1pOXpkRzl5WlM5cGJXRm5aUzh4TmpFMk56STBOek0yTXpJeU56UXpNVEExSWl3aWNYVmhiR2wwZVNJNk9EQXNJbmRwWkhSb0lqbzJOREI5LjF2UlpfYzRyWlF1cVVZNU8wS3Mwd2lEM0JzNVpsSDB3Q1ZfbnMxRzZHS00&quot
20,https://an2-img.amz.wtchn.net/image/v2/3ef113df4c803ba2a485dbc4f8bf4f9c.jpg?jwt=ZXlKaGJHY2lPaUpJVXpJMU5pSjkuZXlKaVlXTnJaM0p2ZFc1a0lqcDdJbklpT2pJMU5Td2laeUk2TWpVMUxDSmlJam95TlRWOUxDSmpjbTl3SWpwMGNuVmxMQ0pvWldsbmFIUWlPak0yTUN3aWNHRjBhQ0k2SWk5Mk1pOXpkRzl5WlM5cGJXRm5aUzh4TmpFMk56STBOelF3TWpRM05UazNNVFkxSWl3aWNYVmhiR2wwZVNJNk9EQXNJbmRwWkhSb0lqbzJOREI5Lkc3eVl3SE9Ub2JfSkVna1Fwa2wtOUowMzA4ZlVhZFBFcWs5dDN2akxqejQ&quot
21,https://an2-img.amz.wtchn.net/image/v2/00ba518b3779a2fab1989f272c48eac8.jpg?jwt=ZXlKaGJHY2lPaUpJVXpJMU5pSjkuZXlKaVlXTnJaM0p2ZFc1a0lqcDdJbklpT2pJMU5Td2laeUk2TWpVMUxDSmlJam95TlRWOUxDSmpjbTl3SWpwMGNuVmxMQ0pvWldsbmFIUWlPak0yTUN3aWNHRjBhQ0k2SWk5Mk1pOXpkRzl5WlM5cGJXRm5aUzh4TmpJMk1USTFOakV4TWpFeE5UY3lOak14SWl3aWNYVmhiR2wwZVNJNk9EQXNJbmRwWkhSb0lqbzJOREI5Lm5ydi16RzVtdmREOGl3YlFRRlE0Y1FtemJGY2VaS3JpdVYyTG11djBMNFk&quot
22,https://an2-img.amz.wtchn.net/image/v2/f6157c56bcbab34c1ba1d506ea48bdbe.jpg?jwt=ZXlKaGJHY2lPaUpJVXpJMU5pSjkuZXlKaVlXTnJaM0p2ZFc1a0lqcDdJbklpT2pJMU5Td2laeUk2TWpVMUxDSmlJam95TlRWOUxDSmpjbTl3SWpwMGNuVmxMQ0pvWldsbmFIUWlPak0yTUN3aWNHRjBhQ0k2SWk5Mk1TOW5jR3QzZVhCaWEzTmlPSFY0ZUdkdlkyNDBiaUlzSW5GMVlXeHBkSGtpT2pnd0xDSjNhV1IwYUNJNk5qUXdmUS5leWZqN1VRUkZ6ZnoyOXV1eG5YazdVRExBTi1RRk16TGtmN3dGdTZmSktn&quot
22,https://an2-img.amz.wtchn.net/image/v2/dd4e3f5b5ed2bdf3030a229f735fb04d.jpg?jwt=ZXlKaGJHY2lPaUpJVXpJMU5pSjkuZXlKaVlXTnJaM0p2ZFc1a0lqcDdJbklpT2pJMU5Td2laeUk2TWpVMUxDSmlJam95TlRWOUxDSmpjbTl3SWpwMGNuVmxMQ0pvWldsbmFIUWlPak0yTUN3aWNHRjBhQ0k2SWk5Mk1TOXVPR3AyWjNWcGR6aDVZWEozT1dGMWVYUndjU0lzSW5GMVlXeHBkSGtpT2pnd0xDSjNhV1IwYUNJNk5qUXdmUS5tbWpfclRSb05sbGczT2NqektPUFFkeHpSQzVlSTBxSEJINXNEM25BN2Rj&quot
22,https://an2-img.amz.wtchn.net/image/v2/70a524975e3444b3033842075c86e471.jpg?jwt=ZXlKaGJHY2lPaUpJVXpJMU5pSjkuZXlKaVlXTnJaM0p2ZFc1a0lqcDdJbklpT2pJMU5Td2laeUk2TWpVMUxDSmlJam95TlRWOUxDSmpjbTl3SWpwMGNuVmxMQ0pvWldsbmFIUWlPak0yTUN3aWNHRjBhQ0k2SWk5Mk1TOWtkV3RuYVcxek1XRndaM0pxY3pKaWJ6TTNhQ0lzSW5GMVlXeHBkSGtpT2pnd0xDSjNhV1IwYUNJNk5qUXdmUS42MUdBYW1rRXhGWG1IYWl6cWJqREFyQnlraU9tQnhBMGRuWWFheXE4TXFz&quot
23,https://an2-img.amz.wtchn.net/image/v2/6229720674adc72851cb60474a53bead.jpg?jwt=ZXlKaGJHY2lPaUpJVXpJMU5pSjkuZXlKaVlXTnJaM0p2ZFc1a0lqcDdJbklpT2pJMU5Td2laeUk2TWpVMUxDSmlJam95TlRWOUxDSmpjbTl3SWpwMGNuVmxMQ0pvWldsbmFIUWlPak0yTUN3aWNHRjBhQ0k2SWk5Mk1TOWpZbk41WlhabWFuQndNbW8xZFhFNVoyMXVOU0lzSW5GMVlXeHBkSGtpT2pnd0xDSjNhV1IwYUNJNk5qUXdmUS5mUG41TzhkRVQyOVJtZHhVa1dFNEVHck54VzVGbUdtRkNQZUVTQ2J5LW1j&quot
24,https://an2-img.amz.wtchn.net/image/v2/27f1374ee2b38cd1d927a8e03e252ed0.jpg?jwt=ZXlKaGJHY2lPaUpJVXpJMU5pSjkuZXlKaVlXTnJaM0p2ZFc1a0lqcDdJbklpT2pJMU5Td2laeUk2TWpVMUxDSmlJam95TlRWOUxDSmpjbTl3SWpwMGNuVmxMQ0pvWldsbmFIUWlPak0yTUN3aWNHRjBhQ0k2SWk5Mk1TOXNkWE52TkhWa2RXeDZjSGRtTTJOdGVHSnZhU0lzSW5GMVlXeHBkSGtpT2pnd0xDSjNhV1IwYUNJNk5qUXdmUS5uU3E0aGFkdFAzR1NaaEVIZDFNTWo2LWphXzUxcm0zV1pUQkF1YWZLU1hZ&quot
25,https://an2-img.amz.wtchn.net/image/v2/63170aebb2a58a543cece52abd4f2a9a.jpg?jwt=ZXlKaGJHY2lPaUpJVXpJMU5pSjkuZXlKaVlXTnJaM0p2ZFc1a0lqcDdJbklpT2pJMU5Td2laeUk2TWpVMUxDSmlJam95TlRWOUxDSmpjbTl3SWpwMGNuVmxMQ0pvWldsbmFIUWlPak0yTUN3aWNHRjBhQ0k2SWk5Mk1TOXBibkkzY0dOMWJEWm9jMnd4YVRWdE1HTXlkeUlzSW5GMVlXeHBkSGtpT2pnd0xDSjNhV1IwYUNJNk5qUXdmUS5WSzc4X0J4dTNGcXVBYkVTb1QxczZNcFNYM2JEVzNLUWdLcUhBTmNQVi1j&quot
26,https://an2-img.amz.wtchn.net/image/v2/a788d56b1ef8cf3d62f4e626e276667c.jpg?jwt=ZXlKaGJHY2lPaUpJVXpJMU5pSjkuZXlKaVlXTnJaM0p2ZFc1a0lqcDdJbklpT2pJMU5Td2laeUk2TWpVMUxDSmlJam95TlRWOUxDSmpjbTl3SWpwMGNuVmxMQ0pvWldsbmFIUWlPak0yTUN3aWNHRjBhQ0k2SWk5Mk1TOTVlbTlzY0dWeVpHWm1hbXh5YkhoM1kzSnZZaUlzSW5GMVlXeHBkSGtpT2pnd0xDSjNhV1IwYUNJNk5qUXdmUS52LVR1N2NiVEZXZlhyTzBnczdLZ1pQNUVROFhDeXBadFpRXzgtLTBvajl3&quot
26,https://an2-img.amz.wtchn.net/image/v2/4459cc39d514ab79a965d5da03be53d5.jpg?jwt=ZXlKaGJHY2lPaUpJVXpJMU5pSjkuZXlKaVlXTnJaM0p2ZFc1a0lqcDdJbklpT2pJMU5Td2laeUk2TWpVMUxDSmlJam95TlRWOUxDSmpjbTl3SWpwMGNuVmxMQ0pvWldsbmFIUWlPak0yTUN3aWNHRjBhQ0k2SWk5Mk1TOXllbXhsYURkcGFtaGpiMjQwYkdwNWJuSTFiaUlzSW5GMVlXeHBkSGtpT2pnd0xDSjNhV1IwYUNJNk5qUXdmUS4zYjcxS2pzN3Y5R0RzN1BLSWRDM1BES0laV0RXMmg5NXVLemxOUi1FSFNZ&quot
26,https://an2-img.amz.wtchn.net/image/v2/2405c07a5707117e4c26f12eb4fb142e.jpg?jwt=ZXlKaGJHY2lPaUpJVXpJMU5pSjkuZXlKaVlXTnJaM0p2ZFc1a0lqcDdJbklpT2pJMU5Td2laeUk2TWpVMUxDSmlJam95TlRWOUxDSmpjbTl3SWpwMGNuVmxMQ0pvWldsbmFIUWlPak0yTUN3aWNHRjBhQ0k2SWk5Mk1TOWtabWh4Tkd4NGMyaDViV0ZpYW1keU9YWnBiaUlzSW5GMVlXeHBkSGtpT2pnd0xDSjNhV1IwYUNJNk5qUXdmUS4xYmNyWWFzY0Y1QjkwdHRKaGVlZlN1bHdXWWhjb09zYk1NclJBZTNGYURB&quot
27,https://an2-img.amz.wtchn.net/image/v2/3f09ac7913ce07e2deda2be0e30f85cd.jpg?jwt=ZXlKaGJHY2lPaUpJVXpJMU5pSjkuZXlKaVlXTnJaM0p2ZFc1a0lqcDdJbklpT2pJMU5Td2laeUk2TWpVMUxDSmlJam95TlRWOUxDSmpjbTl3SWpwMGNuVmxMQ0pvWldsbmFIUWlPak0yTUN3aWNHRjBhQ0k2SWk5Mk1TOXpOSEUwYUhsMWVEZDBabkUxZDNWNVltWmpjQ0lzSW5GMVlXeHBkSGtpT2pnd0xDSjNhV1IwYUNJNk5qUXdmUS5DUllLWGdpUzRPeXVLOF93bmVVUmdTVGpnMGNTSHROYjFuNnpibUsxdjNN&quot
27,https://an2-img.amz.wtchn.net/image/v2/4b417db88684c8fbaff3752a2c0c3ec8.jpg?jwt=ZXlKaGJHY2lPaUpJVXpJMU5pSjkuZXlKaVlXTnJaM0p2ZFc1a0lqcDdJbklpT2pJMU5Td2laeUk2TWpVMUxDSmlJam95TlRWOUxDSmpjbTl3SWpwMGNuVmxMQ0pvWldsbmFIUWlPak0yTUN3aWNHRjBhQ0k2SWk5Mk1TOXRlRzFtZHpodmJtMWtNR3htYTNwaWQydHFjQ0lzSW5GMVlXeHBkSGtpT2pnd0xDSjNhV1IwYUNJNk5qUXdmUS5IZy11NEduVVUwT2lxT2ZHX3oyc2YxSE9GR2RkSUNkOVVlWWJzOUp0SXlN&quot
27,https://an2-img.amz.wtchn.net/image/v2/5f5d1567a7ea8fd32f884a7197e6bdf1.jpg?jwt=ZXlKaGJHY2lPaUpJVXpJMU5pSjkuZXlKaVlXTnJaM0p2ZFc1a0lqcDdJbklpT2pJMU5Td2laeUk2TWpVMUxDSmlJam95TlRWOUxDSmpjbTl3SWpwMGNuVmxMQ0pvWldsbmFIUWlPak0yTUN3aWNHRjBhQ0k2SWk5Mk1TOTJaR2c0YTNoaVkzQnVjRFJqZVhvMWNYazNjeUlzSW5GMVlXeHBkSGtpT2pnd0xDSjNhV1IwYUNJNk5qUXdmUS5aWkhSR0N2RGhBYWtpQjdJY2dqR1d5NEJSczVTU0RLZ0RHZ3NLd1JIcFNV&quot
28,https://an2-img.amz.wtchn.net/image/v2/d7ba966fb83e95bb63f160d23b012ca4.jpg?jwt=ZXlKaGJHY2lPaUpJVXpJMU5pSjkuZXlKaVlXTnJaM0p2ZFc1a0lqcDdJbklpT2pJMU5Td2laeUk2TWpVMUxDSmlJam95TlRWOUxDSmpjbTl3SWpwMGNuVmxMQ0pvWldsbmFIUWlPak0yTUN3aWNHRjBhQ0k2SWk5Mk1TOW1kbUZqZW0xcllucGlZV0p3Wm1kdU5XeG5jaUlzSW5GMVlXeHBkSGtpT2pnd0xDSjNhV1IwYUNJNk5qUXdmUS5fZ1ZBY0tFWTBqXzY4ak5wemJZUUdtbzdkYTYzc29tZllwTnc5MkRVazFZ&quot
28,https://an2-img.amz.wtchn.net/image/v2/9cd773ee7d4dbbf432906237c8f10a3e.jpg?jwt=ZXlKaGJHY2lPaUpJVXpJMU5pSjkuZXlKaVlXTnJaM0p2ZFc1a0lqcDdJbklpT2pJMU5Td2laeUk2TWpVMUxDSmlJam95TlRWOUxDSmpjbTl3SWpwMGNuVmxMQ0pvWldsbmFIUWlPak0yTUN3aWNHRjBhQ0k2SWk5Mk1TOWhiV2RxY1RKaGIycG1kVzA1WjNwMk1XUnVkQ0lzSW5GMVlXeHBkSGtpT2pnd0xDSjNhV1IwYUNJNk5qUXdmUS5TdmhYdHpwR2ZhclZTM3VrRjBsbGZ0OUJRcnNSaFVYMkZPdW9lSVVqbDZn&quot
28,https://an2-img.amz.wtchn.net/image/v2/545c23cff6508ca00dd46dc85e9aa9f5.jpg?jwt=ZXlKaGJHY2lPaUpJVXpJMU5pSjkuZXlKaVlXTnJaM0p2ZFc1a0lqcDdJbklpT2pJMU5Td2laeUk2TWpVMUxDSmlJam95TlRWOUxDSmpjbTl3SWpwMGNuVmxMQ0pvWldsbmFIUWlPak0yTUN3aWNHRjBhQ0k2SWk5Mk1TOXNOR3QwZDIxdloyMTNiRzV0ZEhabmFHNXFhQ0lzSW5GMVlXeHBkSGtpT2pnd0xDSjNhV1IwYUNJNk5qUXdmUS52ZFFVcWZpUV9PbWRKVlhxUlNxRHlnbHdfVmNvSGZJN3AzNmpGbzdSSkZF&quot
29,https://an2-img.amz.wtchn.net/image/v2/17a8bd4293a2a2f58eab1917881f63b8.jpg?jwt=ZXlKaGJHY2lPaUpJVXpJMU5pSjkuZXlKaVlXTnJaM0p2ZFc1a0lqcDdJbklpT2pJMU5Td2laeUk2TWpVMUxDSmlJam95TlRWOUxDSmpjbTl3SWpwMGNuVmxMQ0pvWldsbmFIUWlPak0yTUN3aWNHRjBhQ0k2SWk5Mk1TOWlhbU51ZG1oNVptZHJjWGR2TUdOa2N6RndlaUlzSW5GMVlXeHBkSGtpT2pnd0xDSjNhV1IwYUNJNk5qUXdmUS5JeW5WR1A5LUlaMEhzallJcUFqVUhOYy0xRjlodXd5VGdydXVDbmtJNkZZ&quot
29,https://an2-img.amz.wtchn.net/image/v2/cb3c262c0bd05fc3a3f13205a91e4424.jpg?jwt=ZXlKaGJHY2lPaUpJVXpJMU5pSjkuZXlKaVlXTnJaM0p2ZFc1a0lqcDdJbklpT2pJMU5Td2laeUk2TWpVMUxDSmlJam95TlRWOUxDSmpjbTl3SWpwMGNuVmxMQ0pvWldsbmFIUWlPak0yTUN3aWNHRjBhQ0k2SWk5Mk1TOWtZV1JuYjI1blpYUTJabVYxYUhCbWFHWm5kQ0lzSW5GMVlXeHBkSGtpT2pnd0xDSjNhV1IwYUNJNk5qUXdmUS4zZ0Y4QWdING1DbWtnbkdfV3VGOWhLQV92MjN2MkdXclk2WklmdGlSaWc0&quot
29,https://an2-img.amz.wtchn.net/image/v2/7c6ea529ee427ac92dd107922710b37f.jpg?jwt=ZXlKaGJHY2lPaUpJVXpJMU5pSjkuZXlKaVlXTnJaM0p2ZFc1a0lqcDdJbklpT2pJMU5Td2laeUk2TWpVMUxDSmlJam95TlRWOUxDSmpjbTl3SWpwMGNuVmxMQ0pvWldsbmFIUWlPak0yTUN3aWNHRjBhQ0k2SWk5Mk1TOWpiWGx4Y21Gd2RHMWllWEZzYkc0eGVHRTJaU0lzSW5GMVlXeHBkSGtpT2pnd0xDSjNhV1IwYUNJNk5qUXdmUS5qTjZYOEVqWGhILXdzQ1BtU3RueG9YeDJUQTVxMW5Hc0xCM01kejhLTFNN&quot
30,https://an2-img.amz.wtchn.net/image/v2/d93c6aef29933c3fb0b99d6b7ab06d3f.jpg?jwt=ZXlKaGJHY2lPaUpJVXpJMU5pSjkuZXlKaVlXTnJaM0p2ZFc1a0lqcDdJbklpT2pJMU5Td2laeUk2TWpVMUxDSmlJam95TlRWOUxDSmpjbTl3SWpwMGNuVmxMQ0pvWldsbmFIUWlPak0yTUN3aWNHRjBhQ0k2SWk5Mk1TOW9hVGx2YkdWamNHRmlhR1ZqTTI5MWVqaGlieUlzSW5GMVlXeHBkSGtpT2pnd0xDSjNhV1IwYUNJNk5qUXdmUS5RbThPUkZOZ3l0STNIQndPVHVRUmpFQ21MbmRzSUF0TWhTMHl4RTVUVjlV&quot
30,https://an2-img.amz.wtchn.net/image/v2/c14f79f1887b96abf1c8b57374db91a4.jpg?jwt=ZXlKaGJHY2lPaUpJVXpJMU5pSjkuZXlKaVlXTnJaM0p2ZFc1a0lqcDdJbklpT2pJMU5Td2laeUk2TWpVMUxDSmlJam95TlRWOUxDSmpjbTl3SWpwMGNuVmxMQ0pvWldsbmFIUWlPak0yTUN3aWNHRjBhQ0k2SWk5Mk1TOXRhMlZqZUhJdE1UUXpORFVpTENKeGRXRnNhWFI1SWpvNE1Dd2lkMmxrZEdnaU9qWTBNSDAuWTdOUEx1WnlMbktqbjVwTWhGbnF5MWxOcFlzSHUtbUZOMVllUEt6ZEhUQQ&quot
30,https://an2-img.amz.wtchn.net/image/v2/7d961d2d511c2003d664bad385c7577a.jpg?jwt=ZXlKaGJHY2lPaUpJVXpJMU5pSjkuZXlKaVlXTnJaM0p2ZFc1a0lqcDdJbklpT2pJMU5Td2laeUk2TWpVMUxDSmlJam95TlRWOUxDSmpjbTl3SWpwMGNuVmxMQ0pvWldsbmFIUWlPak0yTUN3aWNHRjBhQ0k2SWk5Mk1TOTBhblJ3Y1haamFIVmtZM2syY25GaWVqTjBjU0lzSW5GMVlXeHBkSGtpT2pnd0xDSjNhV1IwYUNJNk5qUXdmUS4zQm5YV01TSEQxZkxUNldUS3dlZlRHN2ZWU0lHX1dMb0VFQW5GaHBUZ29z&quot
31,https://an2-img.amz.wtchn.net/image/v2/3ed20ca6ed8a3c336ab5b538968b69e0.jpg?jwt=ZXlKaGJHY2lPaUpJVXpJMU5pSjkuZXlKaVlXTnJaM0p2ZFc1a0lqcDdJbklpT2pJMU5Td2laeUk2TWpVMUxDSmlJam95TlRWOUxDSmpjbTl3SWpwMGNuVmxMQ0pvWldsbmFIUWlPak0yTUN3aWNHRjBhQ0k2SWk5Mk1TOWxOV3BxZHpkemQzTnBhWFEzYTJ3eGJIWnZaeUlzSW5GMVlXeHBkSGtpT2pnd0xDSjNhV1IwYUNJNk5qUXdmUS5zWGdSQUFCeGdtLWNXcGR1LTNSa1Q1Vjc0Ukl0c056ZDFCa3pXMXRES1cw&quot
31,https://an2-img.amz.wtchn.net/image/v2/b7d8b358fd0ac88d8c60a812bd50b548.jpg?jwt=ZXlKaGJHY2lPaUpJVXpJMU5pSjkuZXlKaVlXTnJaM0p2ZFc1a0lqcDdJbklpT2pJMU5Td2laeUk2TWpVMUxDSmlJam95TlRWOUxDSmpjbTl3SWpwMGNuVmxMQ0pvWldsbmFIUWlPak0yTUN3aWNHRjBhQ0k2SWk5Mk1TOXJZVGQyYldWMGRqSm9ZVGQwY1hoblltNXlaeUlzSW5GMVlXeHBkSGtpT2pnd0xDSjNhV1IwYUNJNk5qUXdmUS4zdzBTTElkVkt2N0VkX1BFVEdray0yVE1YVlZwTzFVOVBZZk5USGQzTFk0&quot
31,https://an2-img.amz.wtchn.net/image/v2/4a1ac79333ccd03ff249982e61dd4243.jpg?jwt=ZXlKaGJHY2lPaUpJVXpJMU5pSjkuZXlKaVlXTnJaM0p2ZFc1a0lqcDdJbklpT2pJMU5Td2laeUk2TWpVMUxDSmlJam95TlRWOUxDSmpjbTl3SWpwMGNuVmxMQ0pvWldsbmFIUWlPak0yTUN3aWNHRjBhQ0k2SWk5Mk1TOXdPR040TW14eGQyVm9Zblk1YzNoMVluWnhPQ0lzSW5GMVlXeHBkSGtpT2pnd0xDSjNhV1IwYUNJNk5qUXdmUS43WmtveE5WaGVkemFaMFRmc3lNSWdwQzJoTFZPUXRYQ1BuZ05TbXE0Uy1j&quot
32,https://an2-img.amz.wtchn.net/image/v2/8f1948d694eb66707b3b196508290168.jpg?jwt=ZXlKaGJHY2lPaUpJVXpJMU5pSjkuZXlKaVlXTnJaM0p2ZFc1a0lqcDdJbklpT2pJMU5Td2laeUk2TWpVMUxDSmlJam95TlRWOUxDSmpjbTl3SWpwMGNuVmxMQ0pvWldsbmFIUWlPak0yTUN3aWNHRjBhQ0k2SWk5Mk1TOXVjM1o1ZVhSclpteDRibmxzWW13NWQzVTBaQ0lzSW5GMVlXeHBkSGtpT2pnd0xDSjNhV1IwYUNJNk5qUXdmUS5Sak5pYVRkOGNfSUpRUlpjMFlqdnJpa2F5QkNBVnhjSDNGZFBsc0duUHlv&quot
32,https://an2-img.amz.wtchn.net/image/v2/2b4855f493add76270f162dd35257ff2.jpg?jwt=ZXlKaGJHY2lPaUpJVXpJMU5pSjkuZXlKaVlXTnJaM0p2ZFc1a0lqcDdJbklpT2pJMU5Td2laeUk2TWpVMUxDSmlJam95TlRWOUxDSmpjbTl3SWpwMGNuVmxMQ0pvWldsbmFIUWlPak0yTUN3aWNHRjBhQ0k2SWk5Mk1TOXRhamhzYlRNdE1UUTBNRFFpTENKeGRXRnNhWFI1SWpvNE1Dd2lkMmxrZEdnaU9qWTBNSDAuRXBkWVlualEtbTFFNkdjSldqazRWNVJ0LVF2ZkhhbS1fSkZmenJWZTdyQQ&quot
32,https://an2-img.amz.wtchn.net/image/v2/03c9f385ad4701375e89580e17f9e61e.jpg?jwt=ZXlKaGJHY2lPaUpJVXpJMU5pSjkuZXlKaVlXTnJaM0p2ZFc1a0lqcDdJbklpT2pJMU5Td2laeUk2TWpVMUxDSmlJam95TlRWOUxDSmpjbTl3SWpwMGNuVmxMQ0pvWldsbmFIUWlPak0yTUN3aWNHRjBhQ0k2SWk5Mk1pOXpkRzl5WlM5cGJXRm5aUzh4TmpFeE1qRXdOREl3TXpjME56QXhOak00SWl3aWNYVmhiR2wwZVNJNk9EQXNJbmRwWkhSb0lqbzJOREI5LkpjclI0M1BwcWhvUUlnN0FFeDE3V05lZ0s0cU9pc3ZtZlh6SjZfYWtDS0U&quot
33,https://an2-img.amz.wtchn.net/image/v2/94617e7b207e5a16241261bc78c55774.jpg?jwt=ZXlKaGJHY2lPaUpJVXpJMU5pSjkuZXlKaVlXTnJaM0p2ZFc1a0lqcDdJbklpT2pJMU5Td2laeUk2TWpVMUxDSmlJam95TlRWOUxDSmpjbTl3SWpwMGNuVmxMQ0pvWldsbmFIUWlPak0yTUN3aWNHRjBhQ0k2SWk5Mk1TOXJZbTUwWlhWcWVtNW9kbnAyY0hOcWNHSjJlU0lzSW5GMVlXeHBkSGtpT2pnd0xDSjNhV1IwYUNJNk5qUXdmUS4xSklxNHYwaVJlamNTbjlzMWkwT182ZFI0OE1MUXRRYmxkd2J1V2VnU1pr&quot
33,https://an2-img.amz.wtchn.net/image/v2/517a70c74ea7fe1cef2c57468484f234.jpg?jwt=ZXlKaGJHY2lPaUpJVXpJMU5pSjkuZXlKaVlXTnJaM0p2ZFc1a0lqcDdJbklpT2pJMU5Td2laeUk2TWpVMUxDSmlJam95TlRWOUxDSmpjbTl3SWpwMGNuVmxMQ0pvWldsbmFIUWlPak0yTUN3aWNHRjBhQ0k2SWk5Mk1TOXRjWFEyZURNdE16UXlOaklpTENKeGRXRnNhWFI1SWpvNE1Dd2lkMmxrZEdnaU9qWTBNSDAuMmFTbENuS3lYVF9pT045eFNDeHN4bEJibklmcUJQVG9QcnlsVkVFYzZZcw&quot
33,https://an2-img.amz.wtchn.net/image/v2/ab6a939f920db31b06d3f3e2b7470475.jpg?jwt=ZXlKaGJHY2lPaUpJVXpJMU5pSjkuZXlKaVlXTnJaM0p2ZFc1a0lqcDdJbklpT2pJMU5Td2laeUk2TWpVMUxDSmlJam95TlRWOUxDSmpjbTl3SWpwMGNuVmxMQ0pvWldsbmFIUWlPak0yTUN3aWNHRjBhQ0k2SWk5Mk1TOTZZV3hoZFhaelkzRnZjalZwZDNOMlpXUjNNU0lzSW5GMVlXeHBkSGtpT2pnd0xDSjNhV1IwYUNJNk5qUXdmUS5pSGlaTzA0UnVmQXdmQnNSRnQ5Nlc4cTVTUEdxTHNlbUlUTmlhQlZUa0pj&quot
34,https://an2-img.amz.wtchn.net/image/v2/3652c50abcd13c44a3dd672cc0dc85e2.jpg?jwt=ZXlKaGJHY2lPaUpJVXpJMU5pSjkuZXlKaVlXTnJaM0p2ZFc1a0lqcDdJbklpT2pJMU5Td2laeUk2TWpVMUxDSmlJam95TlRWOUxDSmpjbTl3SWpwMGNuVmxMQ0pvWldsbmFIUWlPak0yTUN3aWNHRjBhQ0k2SWk5Mk1TOXJPWGh0WnpGallXWm1hWFl5WldJMGVXTnZhU0lzSW5GMVlXeHBkSGtpT2pnd0xDSjNhV1IwYUNJNk5qUXdmUS5Nd3RXblBQdGxIbGxWX05wdnFPbWExMXExck1RZ1VGVDBpUDJtYVFEYTA0&quot
34,https://an2-img.amz.wtchn.net/image/v2/15acaf284078cab05c9d80e4cf36dbdb.jpg?jwt=ZXlKaGJHY2lPaUpJVXpJMU5pSjkuZXlKaVlXTnJaM0p2ZFc1a0lqcDdJbklpT2pJMU5Td2laeUk2TWpVMUxDSmlJam95TlRWOUxDSmpjbTl3SWpwMGNuVmxMQ0pvWldsbmFIUWlPak0yTUN3aWNHRjBhQ0k2SWk5Mk1pOXpkRzl5WlM5cGJXRm5aUzh4TmpBNE56RXdOamM1T1RVM01UZzJPVGsxSWl3aWNYVmhiR2wwZVNJNk9EQXNJbmRwWkhSb0lqbzJOREI5LkNDbll0bDA2TUp3NkttUzU5ZlVQLVQ3bXMtMnkyb2lGdWl0cFQ5T0tJU2M&quot
35,https://an2-img.amz.wtchn.net/image/v2/a13581cb0d83ba8a53c41122f516ebb4.jpg?jwt=ZXlKaGJHY2lPaUpJVXpJMU5pSjkuZXlKaVlXTnJaM0p2ZFc1a0lqcDdJbklpT2pJMU5Td2laeUk2TWpVMUxDSmlJam95TlRWOUxDSmpjbTl3SWpwMGNuVmxMQ0pvWldsbmFIUWlPak0yTUN3aWNHRjBhQ0k2SWk5Mk1TOXZNMk4zZVhKcGJIaDFaSEppZUhack0yWnNaeUlzSW5GMVlXeHBkSGtpT2pnd0xDSjNhV1IwYUNJNk5qUXdmUS5URUc4ZWZTcXVrVjZmX3lyN3ZCMGowT2s1dkM2SnlhaTY4T3dVQUFMWVZV&quot
35,https://an2-img.amz.wtchn.net/image/v2/c776ab3c240ca4578b7e4eebdbc14063.jpg?jwt=ZXlKaGJHY2lPaUpJVXpJMU5pSjkuZXlKaVlXTnJaM0p2ZFc1a0lqcDdJbklpT2pJMU5Td2laeUk2TWpVMUxDSmlJam95TlRWOUxDSmpjbTl3SWpwMGNuVmxMQ0pvWldsbmFIUWlPak0yTUN3aWNHRjBhQ0k2SWk5Mk1TOXRkVFIwZVdJdE1UWTBOemdpTENKeGRXRnNhWFI1SWpvNE1Dd2lkMmxrZEdnaU9qWTBNSDAuUndkSW11N3JSclVJYjBGQUxNVERWbG11MTQzVmd2c2o0cldQNHIycTlIUQ&quot
35,https://an2-img.amz.wtchn.net/image/v2/ff180963ba5c702a24b63042d716b655.jpg?jwt=ZXlKaGJHY2lPaUpJVXpJMU5pSjkuZXlKaVlXTnJaM0p2ZFc1a0lqcDdJbklpT2pJMU5Td2laeUk2TWpVMUxDSmlJam95TlRWOUxDSmpjbTl3SWpwMGNuVmxMQ0pvWldsbmFIUWlPak0yTUN3aWNHRjBhQ0k2SWk5Mk1TOWhlR2huY0dVNWJHZHpibXBoWkhkbVpYZGxaU0lzSW5GMVlXeHBkSGtpT2pnd0xDSjNhV1IwYUNJNk5qUXdmUS5BaVh3ZEdRTGNFM1VjenU4ZGk3eWlmNFRiZkE3LXpqNEtqUHBXeDJQa1pB&quot
36,https://an2-img.amz.wtchn.net/image/v2/f2b978e16807a3bd154eaf6e3ad3380b.jpg?jwt=ZXlKaGJHY2lPaUpJVXpJMU5pSjkuZXlKaVlXTnJaM0p2ZFc1a0lqcDdJbklpT2pJMU5Td2laeUk2TWpVMUxDSmlJam95TlRWOUxDSmpjbTl3SWpwMGNuVmxMQ0pvWldsbmFIUWlPak0yTUN3aWNHRjBhQ0k2SWk5Mk1TOXRNM3BtTm1sa01uWm9Zak55WjNSbWJXZG9aeUlzSW5GMVlXeHBkSGtpT2pnd0xDSjNhV1IwYUNJNk5qUXdmUS55ZTBNMUpjMXpHQ2l2Qmx2dkFaWUZZRzRYUmowcmRPelpZaWczU3pkN1NB&quot
36,https://an2-img.amz.wtchn.net/image/v2/1d3bbc8bbc671c88ac33d004c79747f8.jpg?jwt=ZXlKaGJHY2lPaUpJVXpJMU5pSjkuZXlKaVlXTnJaM0p2ZFc1a0lqcDdJbklpT2pJMU5Td2laeUk2TWpVMUxDSmlJam95TlRWOUxDSmpjbTl3SWpwMGNuVmxMQ0pvWldsbmFIUWlPak0yTUN3aWNHRjBhQ0k2SWk5Mk1TOWphbXRtWVc5ak5HUnZhbkJ4ZDNodmEyOTRZU0lzSW5GMVlXeHBkSGtpT2pnd0xDSjNhV1IwYUNJNk5qUXdmUS5LLWJvRzl1Rzg4dFdCSmw4TkhQTjBEVTBLV1U3dndqUDYzNUdsc0dwNUUw&quot
36,https://an2-img.amz.wtchn.net/image/v2/b8696d99e476482a3a759081c62e31dc.jpg?jwt=ZXlKaGJHY2lPaUpJVXpJMU5pSjkuZXlKaVlXTnJaM0p2ZFc1a0lqcDdJbklpT2pJMU5Td2laeUk2TWpVMUxDSmlJam95TlRWOUxDSmpjbTl3SWpwMGNuVmxMQ0pvWldsbmFIUWlPak0yTUN3aWNHRjBhQ0k2SWk5Mk1TOTBhV0oxZDJSeVpuRjNlblpsWW5Kc1lUWjFZU0lzSW5GMVlXeHBkSGtpT2pnd0xDSjNhV1IwYUNJNk5qUXdmUS5wcXg4R1REUktyWXpja3QzbVJiQ3dQVXM1dzFVZ0FZVmdXc3haOHl4WXRV&quot
37,https://an2-img.amz.wtchn.net/image/v2/948f844e7c3fdce4e72eeeb17ea14000.jpg?jwt=ZXlKaGJHY2lPaUpJVXpJMU5pSjkuZXlKaVlXTnJaM0p2ZFc1a0lqcDdJbklpT2pJMU5Td2laeUk2TWpVMUxDSmlJam95TlRWOUxDSmpjbTl3SWpwMGNuVmxMQ0pvWldsbmFIUWlPak0yTUN3aWNHRjBhQ0k2SWk5Mk1TOXNhR3h5ZEhWdllubDBiV2x6Y0c5M2VHMTVjQ0lzSW5GMVlXeHBkSGtpT2pnd0xDSjNhV1IwYUNJNk5qUXdmUS5WVVRnSk4tcEtEX2lvMmt0RmYwNVFNUU1mS25wdGNyRG9zbWpoZGZJSERz&quot
37,https://an2-img.amz.wtchn.net/image/v2/445c89e20d52495d8fc357431b8fce55.jpg?jwt=ZXlKaGJHY2lPaUpJVXpJMU5pSjkuZXlKaVlXTnJaM0p2ZFc1a0lqcDdJbklpT2pJMU5Td2laeUk2TWpVMUxDSmlJam95TlRWOUxDSmpjbTl3SWpwMGNuVmxMQ0pvWldsbmFIUWlPak0yTUN3aWNHRjBhQ0k2SWk5Mk1TOWpZMjlzTkhSb2FtUnlZWGhxY0hSbGJHVmpiU0lzSW5GMVlXeHBkSGtpT2pnd0xDSjNhV1IwYUNJNk5qUXdmUS5hdmdzNS1meDlndVFNQmE4S1cyMHdScTIxVnBtWEJpRE5pVk1NQ2RadFpz&quot
37,https://an2-img.amz.wtchn.net/image/v2/b249c2013c9d1c386b500935bbf01c39.jpg?jwt=ZXlKaGJHY2lPaUpJVXpJMU5pSjkuZXlKaVlXTnJaM0p2ZFc1a0lqcDdJbklpT2pJMU5Td2laeUk2TWpVMUxDSmlJam95TlRWOUxDSmpjbTl3SWpwMGNuVmxMQ0pvWldsbmFIUWlPak0yTUN3aWNHRjBhQ0k2SWk5Mk1TOTNjbXg0ZG5CdVpIaHFkMmgxTkdVMmIzZ3dOQ0lzSW5GMVlXeHBkSGtpT2pnd0xDSjNhV1IwYUNJNk5qUXdmUS5WTjhVUnF5V1JvVTFid1ZQc0ZTLThpbWdyTU1YSVJrc0hLY3pBNFU5MFo4&quot
38,https://an2-img.amz.wtchn.net/image/v2/d70685289853426e6c357997a8b55ba7.jpg?jwt=ZXlKaGJHY2lPaUpJVXpJMU5pSjkuZXlKaVlXTnJaM0p2ZFc1a0lqcDdJbklpT2pJMU5Td2laeUk2TWpVMUxDSmlJam95TlRWOUxDSmpjbTl3SWpwMGNuVmxMQ0pvWldsbmFIUWlPak0yTUN3aWNHRjBhQ0k2SWk5Mk1TOWxaRGh5TTI5MVpIcG1iMjVoZVcxeGIyNTBaU0lzSW5GMVlXeHBkSGtpT2pnd0xDSjNhV1IwYUNJNk5qUXdmUS5EWXpkTzBCU054VHhBcUd6UlFqd1ZLZkZSSWl6QjEtMjBJT1pSOUVtS0Jn&quot
38,https://an2-img.amz.wtchn.net/image/v2/8406b9871a556d28925a0d65f232270a.jpg?jwt=ZXlKaGJHY2lPaUpJVXpJMU5pSjkuZXlKaVlXTnJaM0p2ZFc1a0lqcDdJbklpT2pJMU5Td2laeUk2TWpVMUxDSmlJam95TlRWOUxDSmpjbTl3SWpwMGNuVmxMQ0pvWldsbmFIUWlPak0yTUN3aWNHRjBhQ0k2SWk5Mk1TOXliM3BqWmpCc2N6Wm5jSFZ2YURCcGVtWmxkaUlzSW5GMVlXeHBkSGtpT2pnd0xDSjNhV1IwYUNJNk5qUXdmUS54dkk1OTlDdGZjSWJRTWw1RVdXcE9XaGRWQTRxVW9UMUllQjZyRXdlcmE4&quot
38,https://an2-img.amz.wtchn.net/image/v2/9a5df67be340c78bd4e10746b8042ddd.jpg?jwt=ZXlKaGJHY2lPaUpJVXpJMU5pSjkuZXlKaVlXTnJaM0p2ZFc1a0lqcDdJbklpT2pJMU5Td2laeUk2TWpVMUxDSmlJam95TlRWOUxDSmpjbTl3SWpwMGNuVmxMQ0pvWldsbmFIUWlPak0yTUN3aWNHRjBhQ0k2SWk5Mk1TOXRlWEZoYm5Cb01XOXhkWE5wY1hKa2QyRnBhQ0lzSW5GMVlXeHBkSGtpT2pnd0xDSjNhV1IwYUNJNk5qUXdmUS5BcllHdUdsbng4M2JBZTlfX1AzM1pQSWF6bGVVa3oyTDJVVjg0bTM0YzlR&quot
39,https://an2-img.amz.wtchn.net/image/v2/71d3b741f90092485bf640e740397732.jpg?jwt=ZXlKaGJHY2lPaUpJVXpJMU5pSjkuZXlKaVlXTnJaM0p2ZFc1a0lqcDdJbklpT2pJMU5Td2laeUk2TWpVMUxDSmlJam95TlRWOUxDSmpjbTl3SWpwMGNuVmxMQ0pvWldsbmFIUWlPak0yTUN3aWNHRjBhQ0k2SWk5Mk1TOXVjMmhvTjJobllYTnFibVprTjJsMWFuQmxkaUlzSW5GMVlXeHBkSGtpT2pnd0xDSjNhV1IwYUNJNk5qUXdmUS5kMk5IcHkzbEVXa3p1SnFUX0h1Qkl6Q0hKNHdEV2QwYlhQR2NRM2EtdW93&quot
39,https://an2-img.amz.wtchn.net/image/v2/573ca03865b6b13f1d29dacbbd2c45ff.jpg?jwt=ZXlKaGJHY2lPaUpJVXpJMU5pSjkuZXlKaVlXTnJaM0p2ZFc1a0lqcDdJbklpT2pJMU5Td2laeUk2TWpVMUxDSmlJam95TlRWOUxDSmpjbTl3SWpwMGNuVmxMQ0pvWldsbmFIUWlPak0yTUN3aWNHRjBhQ0k2SWk5Mk1TOXRjM2h4ZW5aa2JEQmtablo1Y1djNU1HaDBjaUlzSW5GMVlXeHBkSGtpT2pnd0xDSjNhV1IwYUNJNk5qUXdmUS5KTjRFMUh2VW1wRE5kMzBDUUpRMm5vbXY0T21IUVp6UjFJc2F0X0lUOTlR&quot
39,https://an2-img.amz.wtchn.net/image/v2/b771eb73a5e38b9de61ae1acb3e8e454.jpg?jwt=ZXlKaGJHY2lPaUpJVXpJMU5pSjkuZXlKaVlXTnJaM0p2ZFc1a0lqcDdJbklpT2pJMU5Td2laeUk2TWpVMUxDSmlJam95TlRWOUxDSmpjbTl3SWpwMGNuVmxMQ0pvWldsbmFIUWlPak0yTUN3aWNHRjBhQ0k2SWk5Mk1TOWtZMjV6ZDNReU1tcDFNbmt5Ykc1a2FuQndjQ0lzSW5GMVlXeHBkSGtpT2pnd0xDSjNhV1IwYUNJNk5qUXdmUS5QUm9mUXdVYUxsX0xyRksxdURLRnl6akJndXNxU3RLSVBfMnlkNzJMSVZv&quot