name,img_url
최동훈,https://an2-img.amz.wtchn.net/image/v2/7ed01fc95383697d3bad253c0e10fdb0.jpg?jwt=ZXlKaGJHY2lPaUpJVXpJMU5pSjkuZXlKamNtOXdJanAwY25WbExDSm9aV2xuYUhRaU9qSTBNQ3dpY0dGMGFDSTZJaTkyTVM5d1pXOXdiR1V2YldWa2FYVnRMMlZtT0RRMlpEUTJZbUV5WkRBM1lXUTFZalE1TG1wd1p5SXNJbmRwWkhSb0lqb3lOREI5LmRhTjBFUTgtQXlLTjRDR0lXRWpaM1k3dW9RTW5td0Zydnh6OXNLbmdiRkk
조승우,https://an2-img.amz.wtchn.net/image/v2/55ed1cfb2a1e4ecfe914253ed72e0830.jpg?jwt=ZXlKaGJHY2lPaUpJVXpJMU5pSjkuZXlKamNtOXdJanAwY25WbExDSm9aV2xuYUhRaU9qSTBNQ3dpY0dGMGFDSTZJaTkyTWk5emRHOXlaUzl3WlhKemIyNHZNVFl4TWpJME5UazVNakEzT1RJMk5qYzBOU0lzSW5kcFpIUm9Jam95TkRCOS4tTGYxcVdtcGREX2RSbEgzQnJDVkpKV0VmZGdLcmg4enhZdkc0YnNsUDdv
김혜수,https://an2-img.amz.wtchn.net/image/v2/677bb62c72c93df923e3c4c5f2731fc2.jpg?jwt=ZXlKaGJHY2lPaUpJVXpJMU5pSjkuZXlKamNtOXdJanAwY25WbExDSm9aV2xuYUhRaU9qSTBNQ3dpY0dGMGFDSTZJaTkyTVM5d1pXOXdiR1V2YldWa2FYVnRMMkZtT1dJM1l6ZG1aR0ZpWXpkaFpERmpNREF6TG1wd1p5SXNJbmRwWkhSb0lqb3lOREI5LlFGMTBDTTZwZDNPUU5rd05oRFRMYWlLMmFPY1U4M0lpZWpIWVhsTGlVN00
백윤식,https://an2-img.amz.wtchn.net/image/v2/9f4f431f11b7c455f004da44baac7efa.jpg?jwt=ZXlKaGJHY2lPaUpJVXpJMU5pSjkuZXlKamNtOXdJanAwY25WbExDSm9aV2xuYUhRaU9qSTBNQ3dpY0dGMGFDSTZJaTkyTVM5d1pXOXdiR1V2YldWa2FYVnRMemN5WkdKa01UTmhNMkUyTWpreFpHUXdOamxsTG1wd1p5SXNJbmRwWkhSb0lqb3lOREI5LmFOcS0xZlhKbVY1bHg3d29aUFJmZjA2QnVBQTFoOEc1MHpFSUVQUHlYUnc
유해진,https://an2-img.amz.wtchn.net/image/v2/078691f8935ea93aebcc12a4fd8fdb82.jpg?jwt=ZXlKaGJHY2lPaUpJVXpJMU5pSjkuZXlKamNtOXdJanAwY25WbExDSm9aV2xuYUhRaU9qSTBNQ3dpY0dGMGFDSTZJaTkyTWk5emRHOXlaUzl3WlhKemIyNHZNVFl3TnpnNU16WXlNRGMwT0RJeE1UazRNQ0lzSW5kcFpIUm9Jam95TkRCOS5NNGZoQnpPTmxZU2E1aGRsZzEwSXBZX3VIUVc4U1VzU0xqQ3Z4SURHWHE0
김윤석,https://an2-img.amz.wtchn.net/image/v2/217254c8a7597be83bbd10a9277e6427.jpg?jwt=ZXlKaGJHY2lPaUpJVXpJMU5pSjkuZXlKamNtOXdJanAwY25WbExDSm9aV2xuYUhRaU9qSTBNQ3dpY0dGMGFDSTZJaTkyTVM5d1pXOXdiR1V2YldWa2FYVnRMMkkwTVRrNE1EQm1NVFUyTVRZMVl6RmxZakl5TG1wd1p5SXNJbmRwWkhSb0lqb3lOREI5LkdqUnQwaFBGTnlBT2pwV1FYN0VtYmJpM3lXazFHUXhrM0ZRSlJEems5bmM
김상호,https://an2-img.amz.wtchn.net/image/v2/6c8f87bba2283e10a8b9d25ad2429bd9.jpg?jwt=ZXlKaGJHY2lPaUpJVXpJMU5pSjkuZXlKamNtOXdJanAwY25WbExDSm9aV2xuYUhRaU9qSTBNQ3dpY0dGMGFDSTZJaTkyTVM5d1pXOXdiR1V2YldWa2FYVnRMMkptT1RrMlptUTJNRFJoTm1Fek1qUXlaVFF6TG1wd1p5SXNJbmRwWkhSb0lqb3lOREI5LkQ4U0t5MzVGSGtBdGZiRUlxTGw5MGtxemM3SnBxVklGNFBHWjRzV0liNm8
주진모,https://an2-img.amz.wtchn.net/image/v2/b49177971af49d3200e6d30aa21fc0f6.jpg?jwt=ZXlKaGJHY2lPaUpJVXpJMU5pSjkuZXlKamNtOXdJanAwY25WbExDSm9aV2xuYUhRaU9qSTBNQ3dpY0dGMGFDSTZJaTkyTVM5d1pXOXdiR1V2YldWa2FYVnRMMk15WXpVelpqZzNaakV4WkdZME9EUXlOamt6TG1wd1p5SXNJbmRwWkhSb0lqb3lOREI5LlhFdUhLSzJvS3QzZU9wazJsSGlSTkprYmNvdVlSU1g0M3pTeWtfOTRFaGc
조상건,https://an2-img.amz.wtchn.net/image/v2/00407dcf1bc935e4d59a361a77b7748a.jpg?jwt=ZXlKaGJHY2lPaUpJVXpJMU5pSjkuZXlKamNtOXdJanAwY25WbExDSm9aV2xuYUhRaU9qSTBNQ3dpY0dGMGFDSTZJaTkyTVM5d1pXOXdiR1V2YldWa2FYVnRMMkl4T0RZeE0ySmpZMlUyWm1NM01XVXlPV05tTG1wd1p5SXNJbmRwWkhSb0lqb3lOREI5LjJfNlpJamU4Tmg2bW9vTWVDbzJzRXVoSDlBQWk5S1lzaVo0bTk1d0xxZnM
필감성,https://an2-img.amz.wtchn.net/image/v2/21b29baec220e8444d6e8b5cee2a300e.jpg?jwt=ZXlKaGJHY2lPaUpJVXpJMU5pSjkuZXlKamNtOXdJanAwY25WbExDSm9aV2xuYUhRaU9qSTBNQ3dpY0dGMGFDSTZJaTkyTVM5d1pXOXdiR1V2YldWa2FYVnRMMkZtTnpnM1pqa3lZVEE0TmpjMll6azRPV05qTG1wd1p5SXNJbmRwWkhSb0lqb3lOREI5LnMzSUUzd0dRRkp2bGhZV2V6dmJnSEttQi02LW9iN3hleE5udzRxUzQtZlU
황정민,https://an2-img.amz.wtchn.net/image/v2/f38612d6af36dd9b384fa7c6c219a4de.jpg?jwt=ZXlKaGJHY2lPaUpJVXpJMU5pSjkuZXlKamNtOXdJanAwY25WbExDSm9aV2xuYUhRaU9qSTBNQ3dpY0dGMGFDSTZJaTkyTVM5d1pXOXdiR1V2YldWa2FYVnRMMlV3WlRBeFptSXpabU16TnpGbE4yVTNabUptTG1wd1p5SXNJbmRwWkhSb0lqb3lOREI5LkpLejVXNUdTeE0yVWsxd2kyZzJHeWo3aUljM05FcEVCWl9IRVVrRF9TWmc
김재범,https://an2-img.amz.wtchn.net/image/v2/948570372f2f04746561c999a372ca40.jpeg?jwt=ZXlKaGJHY2lPaUpJVXpJMU5pSjkuZXlKamNtOXdJanAwY25WbExDSm9aV2xuYUhRaU9qSTBNQ3dpY0dGMGFDSTZJaTkyTWk5emRHOXlaUzl3WlhKemIyNHZNVFl5T1RFNE1UUXlNVFk1TnpBeE5EUTVNQ0lzSW5kcFpIUm9Jam95TkRCOS5kRVJZYVl6dDRncklvel9xY1loUW5JZXJaV3RsaFktV3JQWE90SVZQbGxJ
이유미,https://an2-img.amz.wtchn.net/image/v2/b008bf664128a957ba7aa1f9a3ea3d75.jpg?jwt=ZXlKaGJHY2lPaUpJVXpJMU5pSjkuZXlKamNtOXdJanAwY25WbExDSm9aV2xuYUhRaU9qSTBNQ3dpY0dGMGFDSTZJaTkyTVM5d1pXOXdiR1V2YldWa2FYVnRMMlZqWmpjeFpHTmlZVEUzWWpnd01XVTRaVEUyTG1wd1p5SXNJbmRwWkhSb0lqb3lOREI5LjVBTjQ2S0laQ2ROakE1ZGxzSlZhNUxPc21aeVpCbWd0T1ROYWJ0bGsyeGc
류경수,https://an2-img.amz.wtchn.net/image/v2/2f00dd59440d3ca28a9a8a0bb3a6bbac.jpeg?jwt=ZXlKaGJHY2lPaUpJVXpJMU5pSjkuZXlKamNtOXdJanAwY25WbExDSm9aV2xuYUhRaU9qSTBNQ3dpY0dGMGFDSTZJaTkyTWk5emRHOXlaUzl3WlhKemIyNHZNVFl5T1RFNE1UVXdPRGN3T1RFNU1EZ3dOQ0lzSW5kcFpIUm9Jam95TkRCOS5jMHN6a1E0Tlp5OXVjQ2tjeGYtdFpJN2d0bDdkdFk3dEFhaEcwMHcxY0Fr
백주희,https://an2-img.amz.wtchn.net/image/v2/ceb6143b78d2aa712d958e4343ea8064.jpeg?jwt=ZXlKaGJHY2lPaUpJVXpJMU5pSjkuZXlKamNtOXdJanAwY25WbExDSm9aV2xuYUhRaU9qSTBNQ3dpY0dGMGFDSTZJaTkyTWk5emRHOXlaUzl3WlhKemIyNHZNVFl5T1RjeU5qQTJPVFE0TVRNeE5qWXpOaUlzSW5kcFpIUm9Jam95TkRCOS5vaDJ1VEM2aldDUlJMeDNpcnJ0SVRuNHlIZ3BiUnJLbmxidzlCRHRvWWFF
정재원,https://an2-img.amz.wtchn.net/image/v2/d94b8080e8a1dc5d469df5bbb73c75ae.jpeg?jwt=ZXlKaGJHY2lPaUpJVXpJMU5pSjkuZXlKamNtOXdJanAwY25WbExDSm9aV2xuYUhRaU9qSTBNQ3dpY0dGMGFDSTZJaTkyTWk5emRHOXlaUzl3WlhKemIyNHZNVFl5T1RFNE1URTBOekUxTXpBME9EUTVOQ0lzSW5kcFpIUm9Jam95TkRCOS5EQjVvaElYa3lyUHV0RG5lS0U4M3l3QnJDaUJKS3JkRjlYcFJBWHgyYUVZ
이호정,https://an2-img.amz.wtchn.net/image/v2/76f75829b66cf269db716eac8fbd7154.jpg?jwt=ZXlKaGJHY2lPaUpJVXpJMU5pSjkuZXlKamNtOXdJanAwY25WbExDSm9aV2xuYUhRaU9qSTBNQ3dpY0dGMGFDSTZJaTkyTVM5d1pXOXdiR1V2YldWa2FYVnRMelE0T1Rsak5USXlZMlJqTnpKbU5ERXdZbU5pTG1wd1p5SXNJbmRwWkhSb0lqb3lOREI5Lm9hYXpia2loNWFjQVJlcUJ5Y3NNQXhidnZpXzA3RHNRM21PMVVHWHduLXM
이규원,https://an2-img.amz.wtchn.net/image/v2/a6058b016cf8b3169f71187dd2bce2ee.jpeg?jwt=ZXlKaGJHY2lPaUpJVXpJMU5pSjkuZXlKamNtOXdJanAwY25WbExDSm9aV2xuYUhRaU9qSTBNQ3dpY0dGMGFDSTZJaTkyTWk5emRHOXlaUzl3WlhKemIyNHZNVFl5T1RFNE1URTBPRFl6TVRReE16TTFPU0lzSW5kcFpIUm9Jam95TkRCOS5CUkpIX013OGJ1V3lNUzZBaE1QcW9iYkxUeGRUc0Q5bVJVaGlabzdOdUVB
봉준호,https://an2-img.amz.wtchn.net/image/v2/c8c4439643dd730817820e1123197c4d.jpg?jwt=ZXlKaGJHY2lPaUpJVXpJMU5pSjkuZXlKamNtOXdJanAwY25WbExDSm9aV2xuYUhRaU9qSTBNQ3dpY0dGMGFDSTZJaTkyTVM5d1pXOXdiR1V2YldWa2FYVnRMemhsWXpSaVpURTRaV0l4TXpJd016WXlZMkpoTG1wd1p5SXNJbmRwWkhSb0lqb3lOREI5LkQ2LV9zcE54SWlwQllhc0ZVdFR0cTQ2M2trUjh6WW9XZUJhMk5Eb0JBdjA
송강호,https://an2-img.amz.wtchn.net/image/v2/954d92342dc00b1ee3c0264b6d0a4256.jpg?jwt=ZXlKaGJHY2lPaUpJVXpJMU5pSjkuZXlKamNtOXdJanAwY25WbExDSm9aV2xuYUhRaU9qSTBNQ3dpY0dGMGFDSTZJaTkyTVM5d1pXOXdiR1V2YldWa2FYVnRMekl6T0dSa1pESTRPRGN3TVRVMk1ESXpZalZsTG1wd1p5SXNJbmRwWkhSb0lqb3lOREI5LjhtNlNXLXBVM2QzVVMzdkZtelhWTlFCX0RUMkpQSGZLTXVQN082MVI0WVU
최우식,https://an2-img.amz.wtchn.net/image/v2/3a3b19ad2e202b1f1399e1fe7b8615f7.jpg?jwt=ZXlKaGJHY2lPaUpJVXpJMU5pSjkuZXlKamNtOXdJanAwY25WbExDSm9aV2xuYUhRaU9qSTBNQ3dpY0dGMGFDSTZJaTkyTVM5d1pXOXdiR1V2YldWa2FYVnRMek0zTlRsa05qTXlORE0zTVRrNFlUazJabUZtTG1wd1p5SXNJbmRwWkhSb0lqb3lOREI5LlV0dHc5Smx1NnpaZnJzMkh1T1JlME5odmdDWWlPdldud3lETzdURS15YVk
조여정,https://an2-img.amz.wtchn.net/image/v2/5e6c003f7d16ddd6242333db1072355e.jpg?jwt=ZXlKaGJHY2lPaUpJVXpJMU5pSjkuZXlKamNtOXdJanAwY25WbExDSm9aV2xuYUhRaU9qSTBNQ3dpY0dGMGFDSTZJaTkyTVM5d1pXOXdiR1V2YldWa2FYVnRMMkkzTW1KbU16Vm1ZMk14TURRMFpqazVNR0poTG1wd1p5SXNJbmRwWkhSb0lqb3lOREI5LlJ2MmVncDItVXdpeEJweEticzVGZlBFaGd1VllOUGxHcHE3NEtkVGVUQUk
이선균,https://an2-img.amz.wtchn.net/image/v2/ed792f22c153f28e63b1695a8cf968ff.jpg?jwt=ZXlKaGJHY2lPaUpJVXpJMU5pSjkuZXlKamNtOXdJanAwY25WbExDSm9aV2xuYUhRaU9qSTBNQ3dpY0dGMGFDSTZJaTkyTVM5d1pXOXdiR1V2YldWa2FYVnRMelkwTXpZelpHWTNOall5TkdWaU9EWm1ZVEJsTG1wd1p5SXNJbmRwWkhSb0lqb3lOREI5LkhxQTlpbTRKR0diT3dTUGNRSGg2Wk40Uzg0LTNLNHc5NWdwR2I1VngyQ2s
장혜진,https://an2-img.amz.wtchn.net/image/v2/8b9c2877206339cd952e1035b0698b1e.jpg?jwt=ZXlKaGJHY2lPaUpJVXpJMU5pSjkuZXlKamNtOXdJanAwY25WbExDSm9aV2xuYUhRaU9qSTBNQ3dpY0dGMGFDSTZJaTkyTVM5d1pXOXdiR1V2YldWa2FYVnRMekV4WlRnMk5UQTVZemhqTnpreE5USm1aVEZpTG1wd1p5SXNJbmRwWkhSb0lqb3lOREI5LmNvODhRN3k1eFEtd1cteGRvTzlNYnM3MDVwNGd0TUlQeU9hV1UxbzFGWVE
이정은,https://an2-img.amz.wtchn.net/image/v2/ac08b6805e2d7168823ab0f36acb3c6a.jpg?jwt=ZXlKaGJHY2lPaUpJVXpJMU5pSjkuZXlKamNtOXdJanAwY25WbExDSm9aV2xuYUhRaU9qSTBNQ3dpY0dGMGFDSTZJaTkyTVM5d1pXOXdiR1V2YldWa2FYVnRMemRsWVdGbU5EUmtZMkprWkRCa1pHRXdaamRtTG1wd1p5SXNJbmRwWkhSb0lqb3lOREI5LkRGRHFTWWRnZjh4U2NfTmhoUHVxdFlHbjFQNTNuT2N3VnVCeTVEMEpiX2M
박명훈,https://an2-img.amz.wtchn.net/image/v2/86b68ef26680f83b88c2c1bbcbfdbf3e.jpg?jwt=ZXlKaGJHY2lPaUpJVXpJMU5pSjkuZXlKamNtOXdJanAwY25WbExDSm9aV2xuYUhRaU9qSTBNQ3dpY0dGMGFDSTZJaTkyTVM5d1pXOXdiR1V2YldWa2FYVnRMelkwWVRSa05XVm1NREZqWXpBd01HWTVNalk1TG1wd1p5SXNJbmRwWkhSb0lqb3lOREI5LkpPMEdNRDhNR3ozYU5PeGhTSXVKRGYzQ2lwRjBLdDdWdnhKS1FiUzduTGs
이원태,https://an2-img.amz.wtchn.net/image/v2/575a0b6bff92ef80aa6d471c8d96c36a.jpg?jwt=ZXlKaGJHY2lPaUpJVXpJMU5pSjkuZXlKamNtOXdJanAwY25WbExDSm9aV2xuYUhRaU9qSTBNQ3dpY0dGMGFDSTZJaTkyTVM5d1pXOXdiR1V2YldWa2FYVnRMelkxTm1VMU5tUXpNV1E1TkRKaFpEZ3lNREl3TG1wd1p5SXNJbmRwWkhSb0lqb3lOREI5Ll9SUmQ1Z2YxMzNUQ0hMTk5UV0YtOEJKN1ktMXZfaFdGTTl1MGEySlhOWDA
마동석,https://an2-img.amz.wtchn.net/image/v2/4bccdcbef83539e0626b0b26ff46ec00.jpg?jwt=ZXlKaGJHY2lPaUpJVXpJMU5pSjkuZXlKamNtOXdJanAwY25WbExDSm9aV2xuYUhRaU9qSTBNQ3dpY0dGMGFDSTZJaTkyTVM5d1pXOXdiR1V2YldWa2FYVnRMMk14TW1OalpqbGpZVEl5TlRSak9URXlOR0V3TG1wd1p5SXNJbmRwWkhSb0lqb3lOREI5LmdhOU5LRUJDTVBPcmhmcDgwZHBfTmstU3gtSWJKc3Rld00wMklKZW9DUDQ
김무열,https://an2-img.amz.wtchn.net/image/v2/3e2ea60b491db2fa8dc4159e0c6be853.jpg?jwt=ZXlKaGJHY2lPaUpJVXpJMU5pSjkuZXlKamNtOXdJanAwY25WbExDSm9aV2xuYUhRaU9qSTBNQ3dpY0dGMGFDSTZJaTkyTVM5d1pXOXdiR1V2YldWa2FYVnRMemM0TW1Rek5HWTJaakF5TldWbU5XWTNZemhoTG1wd1p5SXNJbmRwWkhSb0lqb3lOREI5LjlWYjVlMm1NdFNmbXdTSXN3UkJqNTdqT1VpSUdGQ2c3TkVxaTVUVkwtdVk
김성규,https://an2-img.amz.wtchn.net/image/v2/b6adb38eaac716ddd87f4453bcfe5e5e.jpg?jwt=ZXlKaGJHY2lPaUpJVXpJMU5pSjkuZXlKamNtOXdJanAwY25WbExDSm9aV2xuYUhRaU9qSTBNQ3dpY0dGMGFDSTZJaTkyTVM5d1pXOXdiR1V2YldWa2FYVnRMekUxTVRCbFpUVXhNMk5rWWpCa01UWTFOemt6TG1wd1p5SXNJbmRwWkhSb0lqb3lOREI5LjhKMmJROGtjcHNfLVRiRGF0ZE56ZXYwXzZvYzVVYWRrby16YzRoTmN1eGM
유승목,https://an2-img.amz.wtchn.net/image/v2/05438ce21a048bc349014d105f57dd5a.jpg?jwt=ZXlKaGJHY2lPaUpJVXpJMU5pSjkuZXlKamNtOXdJanAwY25WbExDSm9aV2xuYUhRaU9qSTBNQ3dpY0dGMGFDSTZJaTkyTVM5d1pXOXdiR1V2YldWa2FYVnRMelptTkdFMU1UVTFNekJqT1RkalpHWm1PVEZpTG1wd1p5SXNJbmRwWkhSb0lqb3lOREI5LjFKanNLN0VrY1I1X3h0aTVRM01rTHdCV1JHMTY5d2xqUTVEZ1Nhd1pyeWc
최민철,https://an2-img.amz.wtchn.net/image/v2/65bf7c7580365c6124fd9a468a065e98.jpg?jwt=ZXlKaGJHY2lPaUpJVXpJMU5pSjkuZXlKamNtOXdJanAwY25WbExDSm9aV2xuYUhRaU9qSTBNQ3dpY0dGMGFDSTZJaTkyTVM5d1pXOXdiR1V2YldWa2FYVnRMelprWmpkak9HSmhNamhtWVRrMk1HSm1OVGxqTG1wd1p5SXNJbmRwWkhSb0lqb3lOREI5LnBZVFRuTENfR2xLdzVnU2ZkQVNmdWE5bEJadHhFSWxMc00yTzk1VmhWVjA
김윤성,https://an2-img.amz.wtchn.net/image/v2/8027e59e0e8f0cdabbb8b97a69511081.jpg?jwt=ZXlKaGJHY2lPaUpJVXpJMU5pSjkuZXlKamNtOXdJanAwY25WbExDSm9aV2xuYUhRaU9qSTBNQ3dpY0dGMGFDSTZJaTkyTVM5d1pXOXdiR1V2YldWa2FYVnRMelUxT1RGbU56aGxZVFk1TW1Nek16ZG1NakF6TG1wd1p5SXNJbmRwWkhSb0lqb3lOREI5LkZPNTRBVmRCZEFTajE1aFdQUVA2eTNrTG50M0daTW9IUm5rVUkwR24ySE0
허동원,https://an2-img.amz.wtchn.net/image/v2/970063fe769c7324034e5d2a452e85fa.jpg?jwt=ZXlKaGJHY2lPaUpJVXpJMU5pSjkuZXlKamNtOXdJanAwY25WbExDSm9aV2xuYUhRaU9qSTBNQ3dpY0dGMGFDSTZJaTkyTVM5d1pXOXdiR1V2YldWa2FYVnRMelF6WXpreU1qVmlORGhqTURRMU5ERXpZbVZoTG1wd1p5SXNJbmRwWkhSb0lqb3lOREI5Lmdlc0lLNDc4SmJPUVUwMENtc1A2X3hwV0lIdnU2MnNHWGdVbGlNTER6UXM
김승현,https://an2-img.amz.wtchn.net/image/v2/ed8f3e19e2dc9d2356984c6a544161dd.jpg?jwt=ZXlKaGJHY2lPaUpJVXpJMU5pSjkuZXlKamNtOXdJanAwY25WbExDSm9aV2xuYUhRaU9qSTBNQ3dpY0dGMGFDSTZJaTkyTVM5d1pXOXdiR1V2YldWa2FYVnRMMkl3Tm1VMVl6WmpNelZpWVdZNE1qZG1OVFV4TG1wd1p5SXNJbmRwWkhSb0lqb3lOREI5Lm56X1ktQ29ETnlndnV0czd3eU92Z2hFa0dxc3plV2tPZUdsZFI1dy1zUkk
이정범,https://an2-img.amz.wtchn.net/image/v2/a87774803cbfed8743c7004ecd3108e7.jpg?jwt=ZXlKaGJHY2lPaUpJVXpJMU5pSjkuZXlKamNtOXdJanAwY25WbExDSm9aV2xuYUhRaU9qSTBNQ3dpY0dGMGFDSTZJaTkyTVM5d1pXOXdiR1V2YldWa2FYVnRMMk00T1RRNU4yUXdNamt3WkRCaE9XUmpNVGMyTG1wd1p5SXNJbmRwWkhSb0lqb3lOREI5LkJCMEUtbDMtMERZMzFhQ1l3Y0VZSDBHYS1wM284XzZUWFdtNjdsRXVDenM
원빈,https://an2-img.amz.wtchn.net/image/v2/3c469390f18f567e8a7715e1e4b78ac2.jpg?jwt=ZXlKaGJHY2lPaUpJVXpJMU5pSjkuZXlKamNtOXdJanAwY25WbExDSm9aV2xuYUhRaU9qSTBNQ3dpY0dGMGFDSTZJaTkyTVM5d1pXOXdiR1V2YldWa2FYVnRMMk13WkRsbE1ESTVaR0UyT0dObFpUUmhZV014TG1wd1p5SXNJbmRwWkhSb0lqb3lOREI5LkVuMjlDRXk1Rnc1SGdIejZaZWJxUVdwUzhKMlpBWUg1NlZCd0x3bEpIVmc
김새론,https://an2-img.amz.wtchn.net/image/v2/d0ab7a4dd21e60579544b3bd23ceb902.jpg?jwt=ZXlKaGJHY2lPaUpJVXpJMU5pSjkuZXlKamNtOXdJanAwY25WbExDSm9aV2xuYUhRaU9qSTBNQ3dpY0dGMGFDSTZJaTkyTVM5d1pXOXdiR1V2YldWa2FYVnRMekV5TW1JMVlXSm1NelJrT1dZeE1HUXhZMlU1TG1wd1p5SXNJbmRwWkhSb0lqb3lOREI5LjdVZks4QmdfSlB0Q0xTOHFfampRckNpRU1FYkp1MllIemtNeFdnMkpPN3c
김태훈,https://an2-img.amz.wtchn.net/image/v2/51fae404eb8f5eda93a8324c0ef051c2.jpg?jwt=ZXlKaGJHY2lPaUpJVXpJMU5pSjkuZXlKamNtOXdJanAwY25WbExDSm9aV2xuYUhRaU9qSTBNQ3dpY0dGMGFDSTZJaTkyTVM5d1pXOXdiR1V2YldWa2FYVnRMelk0TkRobE5XWTBOemt6WXpsbU5HUmhPV0ptTG1wd1p5SXNJbmRwWkhSb0lqb3lOREI5LnFoVXIyZlVxUS1zNjRJakxLVU10YkNOYjIxRDNnR1g3VnY5TmhhVng2RlU
김희원,https://an2-img.amz.wtchn.net/image/v2/f28d3e9c8e53ab6022495ae2ca568443.jpg?jwt=ZXlKaGJHY2lPaUpJVXpJMU5pSjkuZXlKamNtOXdJanAwY25WbExDSm9aV2xuYUhRaU9qSTBNQ3dpY0dGMGFDSTZJaTkyTVM5d1pXOXdiR1V2YldWa2FYVnRMekkxT1RJNU5qTTBOREF3WkRCbVl6Rm1aREZrTG1wd1p5SXNJbmRwWkhSb0lqb3lOREI5LmpZMW1kSHdPRTNTT09JVEtyRnQtaUNjSlA5R2pZWDNDQjFoYnY5UWoxQzg
타나용 웡트라쿨,https://an2-img.amz.wtchn.net/image/v2/e6c3c450fb2df8e3b9b0cb14c10e9423.jpg?jwt=ZXlKaGJHY2lPaUpJVXpJMU5pSjkuZXlKamNtOXdJanAwY25WbExDSm9aV2xuYUhRaU9qSTBNQ3dpY0dGMGFDSTZJaTkyTVM5d1pXOXdiR1V2YldWa2FYVnRMMkl4TmpZMVlqTmtaRGRoTkRobU5UUTRNbVE1TG1wd1p5SXNJbmRwWkhSb0lqb3lOREI5Llp2Mmh1cjZyZkZmNkFFV0huMUViLXFYb3ZVU095RC1rQ1RaQUpHcm9LMzgg
이종필,https://an2-img.amz.wtchn.net/image/v2/33e0615d2311db75c15a7c232c1a9be0.jpg?jwt=ZXlKaGJHY2lPaUpJVXpJMU5pSjkuZXlKamNtOXdJanAwY25WbExDSm9aV2xuYUhRaU9qSTBNQ3dpY0dGMGFDSTZJaTkyTVM5d1pXOXdiR1V2YldWa2FYVnRMMkkzWVdZM09HWXhObVZrTnpCbFlXRTRaVEE1TG1wd1p5SXNJbmRwWkhSb0lqb3lOREI5LmpJQkh4eWtvNjVVeUJOMUVFMjdrYXJabGNDbUVKVEMza1k5ZGxMV3NjNjQ
김성오,https://an2-img.amz.wtchn.net/image/v2/7e0f5fea0305fad71bd1f8de94e2df4a.jpg?jwt=ZXlKaGJHY2lPaUpJVXpJMU5pSjkuZXlKamNtOXdJanAwY25WbExDSm9aV2xuYUhRaU9qSTBNQ3dpY0dGMGFDSTZJaTkyTVM5d1pXOXdiR1V2YldWa2FYVnRMelEyTkRneU0yVm1PVGd4WW1NME1UazVabUU0TG1wd1p5SXNJbmRwWkhSb0lqb3lOREI5LjVfbkNZRjFrVFIzc1kxTklzUndyUzhMM1AtTHB5NVRkNVRmU3VFRGY0Q3c
김효서,https://an2-img.amz.wtchn.net/image/v2/39648130e1ad622413c3ab6f164d27f0.jpg?jwt=ZXlKaGJHY2lPaUpJVXpJMU5pSjkuZXlKamNtOXdJanAwY25WbExDSm9aV2xuYUhRaU9qSTBNQ3dpY0dGMGFDSTZJaTkyTVM5d1pXOXdiR1V2YldWa2FYVnRMMkkxTTJObU9EZG1ZbVl4TWpGak1UZzFNR05tTG1wd1p5SXNJbmRwWkhSb0lqb3lOREI5LlVKdFdvRUstM1FWVTNneTA4TmVVZ1BmZFdQZXBVblNnZ1o2ZnJfZ3pPYkE
강윤성,https://an2-img.amz.wtchn.net/image/v2/e6a76e56734e35bc2f6918579a450d8d.jpg?jwt=ZXlKaGJHY2lPaUpJVXpJMU5pSjkuZXlKamNtOXdJanAwY25WbExDSm9aV2xuYUhRaU9qSTBNQ3dpY0dGMGFDSTZJaTkyTVM5d1pXOXdiR1V2YldWa2FYVnRMMlkyTVRneFlUSm1ZalZtWkdOa05qazJOamsyTG1wd1p5SXNJbmRwWkhSb0lqb3lOREI5LkJSN1Q0NTN6MDUyLWZ5MmdWanZDZG1keFRuOWxYSHMzX3M1SXVLNnBhc1k
마동석,https://an2-img.amz.wtchn.net/image/v2/4bccdcbef83539e0626b0b26ff46ec00.jpg?jwt=ZXlKaGJHY2lPaUpJVXpJMU5pSjkuZXlKamNtOXdJanAwY25WbExDSm9aV2xuYUhRaU9qSTBNQ3dpY0dGMGFDSTZJaTkyTVM5d1pXOXdiR1V2YldWa2FYVnRMMk14TW1OalpqbGpZVEl5TlRSak9URXlOR0V3TG1wd1p5SXNJbmRwWkhSb0lqb3lOREI5LmdhOU5LRUJDTVBPcmhmcDgwZHBfTmstU3gtSWJKc3Rld00wMklKZW9DUDQ
윤계상,https://an2-img.amz.wtchn.net/image/v2/140b133e73131f12350e2962332b0afe.jpg?jwt=ZXlKaGJHY2lPaUpJVXpJMU5pSjkuZXlKamNtOXdJanAwY25WbExDSm9aV2xuYUhRaU9qSTBNQ3dpY0dGMGFDSTZJaTkyTVM5d1pXOXdiR1V2YldWa2FYVnRMemcxWlRNeVlqSXlOVEJrWVRjNU5HTTFZVEJtTG1wd1p5SXNJbmRwWkhSb0lqb3lOREI5LjFGMlZXTHJLa2lhYnhFM2Y3bmlLa2t5d3BRa2E5OFFWTjFZVF93QnRjSHc
조재윤,https://an2-img.amz.wtchn.net/image/v2/c187309227bef8a1e8d1c6d4a7d85c5a.jpg?jwt=ZXlKaGJHY2lPaUpJVXpJMU5pSjkuZXlKamNtOXdJanAwY25WbExDSm9aV2xuYUhRaU9qSTBNQ3dpY0dGMGFDSTZJaTkyTVM5d1pXOXdiR1V2YldWa2FYVnRMekppTXpoaFpqa3pZemt4TlRRelpUTXpaVE13TG1wd1p5SXNJbmRwWkhSb0lqb3lOREI5LjVfWHlVSzZtbVBfbElMdDZNX2UxdHBWbnRucjN1UW5BMS1WalBuU3lPVjQ
최귀화,https://an2-img.amz.wtchn.net/image/v2/85baf3fc743202ef88ce7512f84932f4.jpg?jwt=ZXlKaGJHY2lPaUpJVXpJMU5pSjkuZXlKamNtOXdJanAwY25WbExDSm9aV2xuYUhRaU9qSTBNQ3dpY0dGMGFDSTZJaTkyTVM5d1pXOXdiR1V2YldWa2FYVnRMemN3WmpRM09HUmpOV0UwTVRGaVlXVm1ZekZsTG1wd1p5SXNJbmRwWkhSb0lqb3lOREI5LnpaVmFsOHJNODlZTm8wTVFaYThzdkFjcjNSUUZQRGhyUl9uM1IwMjJvOTQ
임형준,https://an2-img.amz.wtchn.net/image/v2/bf5428ce4eb7208ebdbf0dc7def3580c.jpg?jwt=ZXlKaGJHY2lPaUpJVXpJMU5pSjkuZXlKamNtOXdJanAwY25WbExDSm9aV2xuYUhRaU9qSTBNQ3dpY0dGMGFDSTZJaTkyTVM5d1pXOXdiR1V2YldWa2FYVnRMMkprT0dOall6TXdNV0kyTXpneU1UQTFPR0k0TG1wd1p5SXNJbmRwWkhSb0lqb3lOREI5Ljd2VkxmZjV1RHFwekNkdzNiaXBrcHJHaDlxSDNFNVVSMThUMk5iT2J1YVU
김지운,https://an2-img.amz.wtchn.net/image/v2/9efccd9268177d40a66046e0ef499431.jpg?jwt=ZXlKaGJHY2lPaUpJVXpJMU5pSjkuZXlKamNtOXdJanAwY25WbExDSm9aV2xuYUhRaU9qSTBNQ3dpY0dGMGFDSTZJaTkyTVM5d1pXOXdiR1V2YldWa2FYVnRMekpoWVdKbFptSm1NbVU0WldRM1lUUTROVGhpTG1wd1p5SXNJbmRwWkhSb0lqb3lOREI5LlU4YW1XNmlZdGtrZTFaQVNXUkxJa25NVWgzenB4d0x5b3RuMnR0aFRqYjA
이병헌,https://an2-img.amz.wtchn.net/image/v2/9f2de049f70f02b6560df8279e950a8e.jpg?jwt=ZXlKaGJHY2lPaUpJVXpJMU5pSjkuZXlKamNtOXdJanAwY25WbExDSm9aV2xuYUhRaU9qSTBNQ3dpY0dGMGFDSTZJaTkyTVM5d1pXOXdiR1V2YldWa2FYVnRMMkUwT0dFME9ERTFOelkwWlRWbVkyWXpOakkxTG1wd1p5SXNJbmRwWkhSb0lqb3lOREI5LjNrcEJSdW5CckRBR3Fvc29ZQVNoQzZfX2RJYzF4emZDMDdGQUVQRW1STVU
김영철,https://an2-img.amz.wtchn.net/image/v2/3587ceeb985a755251017ffb288b87b5.jpg?jwt=ZXlKaGJHY2lPaUpJVXpJMU5pSjkuZXlKamNtOXdJanAwY25WbExDSm9aV2xuYUhRaU9qSTBNQ3dpY0dGMGFDSTZJaTkyTVM5d1pXOXdiR1V2YldWa2FYVnRMemhrWkRnd09EQXpaV05tTlRFME0yWXpZamMyTG1wd1p5SXNJbmRwWkhSb0lqb3lOREI5LmpaTGpGQ1hud09aVlQxNmt1Nm40MWJNSl9mV2gtOWZ3TEhnNVoyRWNOV00
신민아,https://an2-img.amz.wtchn.net/image/v2/008017bb98eed09477e59b5610669a3d.jpg?jwt=ZXlKaGJHY2lPaUpJVXpJMU5pSjkuZXlKamNtOXdJanAwY25WbExDSm9aV2xuYUhRaU9qSTBNQ3dpY0dGMGFDSTZJaTkyTVM5d1pXOXdiR1V2YldWa2FYVnRMemRtTW1SbU9EbGtNalJrTXpjNFl6VXlNMkV6TG1wd1p5SXNJbmRwWkhSb0lqb3lOREI5LlZBQkJ6MWFjbWxZU3lLSzF5RDlmTnBRMjVLQjJMUUpzTmZjU3J0SG84UHc
김뢰하,https://an2-img.amz.wtchn.net/image/v2/a8d8e1e1541194d4d7e9291a77e7a1bb.png?jwt=ZXlKaGJHY2lPaUpJVXpJMU5pSjkuZXlKamNtOXdJanAwY25WbExDSm9aV2xuYUhRaU9qSTBNQ3dpY0dGMGFDSTZJaTkyTWk5emRHOXlaUzl3WlhKemIyNHZNVFl5TmpFeU5UVXpPVEkyT1RJNE9UazFNQ0lzSW5kcFpIUm9Jam95TkRCOS45M3FwejRFRF9VWm1tVHo2S29ZLVpHQUhwalRsbDgzUE1FcU4yUmVHcVBv
이기영,https://an2-img.amz.wtchn.net/image/v2/232cf2d8e3c3610abe2d8ffb7f2f2f6a.jpg?jwt=ZXlKaGJHY2lPaUpJVXpJMU5pSjkuZXlKamNtOXdJanAwY25WbExDSm9aV2xuYUhRaU9qSTBNQ3dpY0dGMGFDSTZJaTkyTWk5emRHOXlaUzl3WlhKemIyNHZNVFl4TWpnd01UTTJNVEF4T1RBek16RTJNU0lzSW5kcFpIUm9Jam95TkRCOS50MEc3TFN6MXZlQ3FNYkdna2RRRERzbHJzWmgydDNzWnB1V096XzhDOERr
박훈정,https://an2-img.amz.wtchn.net/image/v2/d2c26e46dea10b9518199a27300c4908.jpg?jwt=ZXlKaGJHY2lPaUpJVXpJMU5pSjkuZXlKamNtOXdJanAwY25WbExDSm9aV2xuYUhRaU9qSTBNQ3dpY0dGMGFDSTZJaTkyTVM5d1pXOXdiR1V2YldWa2FYVnRMemxqTjJJM05ETmlNemRoTURkbU5EazBOV0kwTG1wd1p5SXNJbmRwWkhSb0lqb3lOREI5LkpnYzBVT3o3UTBfSHhrRFZSQ0JVMmluWVFncUJSU1BnTDQ5TVZyMnl0Rjg
이정재,https://an2-img.amz.wtchn.net/image/v2/0bdc65272c4d4552ea6bbd1f28995a63.jpg?jwt=ZXlKaGJHY2lPaUpJVXpJMU5pSjkuZXlKamNtOXdJanAwY25WbExDSm9aV2xuYUhRaU9qSTBNQ3dpY0dGMGFDSTZJaTkyTVM5d1pXOXdiR1V2YldWa2FYVnRMekF3TlRWbU1qRXdNMkU1WmpjM05ESmxOV0UzTG1wd1p5SXNJbmRwWkhSb0lqb3lOREI5LnJ1ZENvX1otTzVDbTRZZjFJMU8xaHJzdndQUFNfYnZvTWdwbVRrM1k1ak0
최민식,https://an2-img.amz.wtchn.net/image/v2/4d9e1e502a5a84f77afdcd332769d6d1.jpg?jwt=ZXlKaGJHY2lPaUpJVXpJMU5pSjkuZXlKamNtOXdJanAwY25WbExDSm9aV2xuYUhRaU9qSTBNQ3dpY0dGMGFDSTZJaTkyTVM5d1pXOXdiR1V2YldWa2FYVnRMek00T1RBeVlXRTFObUkzTVRZNE56QmpaamszTG1wd1p5SXNJbmRwWkhSb0lqb3lOREI5LjE2akJMeWJkY2tzRERzUzAwOWo4bHB2QzN4RzRPVEQ3Rlh0eFdkeFBKWnM
황정민,https://an2-img.amz.wtchn.net/image/v2/f38612d6af36dd9b384fa7c6c219a4de.jpg?jwt=ZXlKaGJHY2lPaUpJVXpJMU5pSjkuZXlKamNtOXdJanAwY25WbExDSm9aV2xuYUhRaU9qSTBNQ3dpY0dGMGFDSTZJaTkyTVM5d1pXOXdiR1V2YldWa2FYVnRMMlV3WlRBeFptSXpabU16TnpGbE4yVTNabUptTG1wd1p5SXNJbmRwWkhSb0lqb3lOREI5LkpLejVXNUdTeE0yVWsxd2kyZzJHeWo3aUljM05FcEVCWl9IRVVrRF9TWmc
박성웅,https://an2-img.amz.wtchn.net/image/v2/9a5985eaff53f4e0d4287e9cec60a1ff.jpg?jwt=ZXlKaGJHY2lPaUpJVXpJMU5pSjkuZXlKamNtOXdJanAwY25WbExDSm9aV2xuYUhRaU9qSTBNQ3dpY0dGMGFDSTZJaTkyTVM5d1pXOXdiR1V2YldWa2FYVnRMek15T0RKa09HUmlNRGd5TjJFNU9EaGtORGt5TG1wd1p5SXNJbmRwWkhSb0lqb3lOREI5LmZ4TzNkbE9PQVNPTktpeU5IbGpqWDBmY2RxSUk5Wk4xY0pCVUpyaEo0anM
송지효,https://an2-img.amz.wtchn.net/image/v2/36e9fffeaad6d49453ca737651a5c46f.jpg?jwt=ZXlKaGJHY2lPaUpJVXpJMU5pSjkuZXlKamNtOXdJanAwY25WbExDSm9aV2xuYUhRaU9qSTBNQ3dpY0dGMGFDSTZJaTkyTVM5d1pXOXdiR1V2YldWa2FYVnRMekJoWldKak56YzJPRGN4T0dSbFl6QTVabVZrTG1wd1p5SXNJbmRwWkhSb0lqb3lOREI5LlpSUkR0T1I2UFpjQl9LT2NUd3lJeXVQV1VHamRnRURYQzhLUnB1SzRGblU
김용화,https://an2-img.amz.wtchn.net/image/v2/358de2070c55fe202ca37babc46c1e03.jpg?jwt=ZXlKaGJHY2lPaUpJVXpJMU5pSjkuZXlKamNtOXdJanAwY25WbExDSm9aV2xuYUhRaU9qSTBNQ3dpY0dGMGFDSTZJaTkyTVM5d1pXOXdiR1V2YldWa2FYVnRMek13WVRjNE5HWXlaVFEyWmpNeE5HUTJPVEJrTG1wd1p5SXNJbmRwWkhSb0lqb3lOREI5Lm9IdHgxQXVrZWtWanhZem93Ujg1Um9PVENaaFJ1dkNITVE2anFhMnY4bGM
김아중,https://an2-img.amz.wtchn.net/image/v2/1e73d9cf929375dc428b330f2e9f3bbc.jpg?jwt=ZXlKaGJHY2lPaUpJVXpJMU5pSjkuZXlKamNtOXdJanAwY25WbExDSm9aV2xuYUhRaU9qSTBNQ3dpY0dGMGFDSTZJaTkyTVM5d1pXOXdiR1V2YldWa2FYVnRMMkUyWkRZelpqRmtOR0U1TkRnNVpUbGpaall5TG1wd1p5SXNJbmRwWkhSb0lqb3lOREI5LnA3Unk4OTBaUzhUMy1KNTdSN25WSURJRVkxS3FVVUhENEV0UUpvOHl2bzQ
주진모,https://an2-img.amz.wtchn.net/image/v2/ea76cbfdac7abd9eda5cc41270b5dd2f.jpg?jwt=ZXlKaGJHY2lPaUpJVXpJMU5pSjkuZXlKamNtOXdJanAwY25WbExDSm9aV2xuYUhRaU9qSTBNQ3dpY0dGMGFDSTZJaTkyTVM5d1pXOXdiR1V2YldWa2FYVnRMek14WW1VMll6TTBPV0UzTnpZeU9USTRabUV6TG1wd1p5SXNJbmRwWkhSb0lqb3lOREI5LnFHS01rMFVTdmJYbURqSVJWWTRjMEJHeHJuS0gta0NNQmZJaEFFbDlYMkE
김현숙,https://an2-img.amz.wtchn.net/image/v2/3c3192494f2205acd0d4baeca3c2703a.jpg?jwt=ZXlKaGJHY2lPaUpJVXpJMU5pSjkuZXlKamNtOXdJanAwY25WbExDSm9aV2xuYUhRaU9qSTBNQ3dpY0dGMGFDSTZJaTkyTVM5d1pXOXdiR1V2YldWa2FYVnRMMkZrTkdRMU1tWmhPR0l4Tnpoa1lURmhaVFkyTG1wd1p5SXNJbmRwWkhSb0lqb3lOREI5LmdIOHhfa1NUUzd0MEFrU2J1Uk1FQmpBUzgxOXFzYzFoelJ4NS1FREpWTzQ
이한위,https://an2-img.amz.wtchn.net/image/v2/e14fb15f38f604c985ea74f64a9e57c6.jpg?jwt=ZXlKaGJHY2lPaUpJVXpJMU5pSjkuZXlKamNtOXdJanAwY25WbExDSm9aV2xuYUhRaU9qSTBNQ3dpY0dGMGFDSTZJaTkyTVM5d1pXOXdiR1V2YldWa2FYVnRMemM0WldSbU4yVXdPRFZpT1RSalpEa3pNelZqTG1wd1p5SXNJbmRwWkhSb0lqb3lOREI5LnMxNUMyaEd6RDM1VTFqc09zaTRUR3FGOXpkOUhCenlsSzQ2OWhWUEZyR3c
임현식,https://an2-img.amz.wtchn.net/image/v2/412873ed088058bea58c720949687592.jpg?jwt=ZXlKaGJHY2lPaUpJVXpJMU5pSjkuZXlKamNtOXdJanAwY25WbExDSm9aV2xuYUhRaU9qSTBNQ3dpY0dGMGFDSTZJaTkyTVM5d1pXOXdiR1V2YldWa2FYVnRMelF5WlRGbFkyWTRaRFF3WWpNNU9EVmtPR0kxTG1wd1p5SXNJbmRwWkhSb0lqb3lOREI5LjRCQWlSWlFWd2hTV1RVZl9GZEo1TnhNd3N2ZjVTYmFnN3JlWThxV2lOeWc
한재림,https://an2-img.amz.wtchn.net/image/v2/7bad32039954679bde4a3c43bcbb7ace.jpg?jwt=ZXlKaGJHY2lPaUpJVXpJMU5pSjkuZXlKamNtOXdJanAwY25WbExDSm9aV2xuYUhRaU9qSTBNQ3dpY0dGMGFDSTZJaTkyTVM5d1pXOXdiR1V2YldWa2FYVnRMemxoTkRoaE1qUm1PV0UxT1dRek1qbGxabVpsTG1wd1p5SXNJbmRwWkhSb0lqb3lOREI5LmxUWC1TdVFwQnBwNVNUQWFpUzZpdVN0WmdwZkl4MThWMHQyUjJ1SVpZZGc
조인성,https://an2-img.amz.wtchn.net/image/v2/dd460264ea2deab503fa228dc3a571e0.jpeg?jwt=ZXlKaGJHY2lPaUpJVXpJMU5pSjkuZXlKamNtOXdJanAwY25WbExDSm9aV2xuYUhRaU9qSTBNQ3dpY0dGMGFDSTZJaTkyTWk5emRHOXlaUzl3WlhKemIyNHZNVFl5TmpjM01qRTBPREkwT0RNd05ETXpNaUlzSW5kcFpIUm9Jam95TkRCOS5TbWNTbFQ1UEFkSE5LcWlKUVpJVllVRzVPUkNWbUtKS3NCZEtJNUVqNmM4
정우성,https://an2-img.amz.wtchn.net/image/v2/cbc95795afcc7463b4988b9c211c8020.jpg?jwt=ZXlKaGJHY2lPaUpJVXpJMU5pSjkuZXlKamNtOXdJanAwY25WbExDSm9aV2xuYUhRaU9qSTBNQ3dpY0dGMGFDSTZJaTkyTVM5d1pXOXdiR1V2YldWa2FYVnRMMkUxTXpSbFl6WmxPVFprWXpReU1HVTRZbU00TG1wd1p5SXNJbmRwWkhSb0lqb3lOREI5LkFaN3pvaWJmUE5pcG5JUldwbFlkX1Z1a0xXVHVtcDktQXFsZE1HSndkNG8
배성우,https://an2-img.amz.wtchn.net/image/v2/58fe3a1b1bb3dc206bb0bc7d79d88df5.jpg?jwt=ZXlKaGJHY2lPaUpJVXpJMU5pSjkuZXlKamNtOXdJanAwY25WbExDSm9aV2xuYUhRaU9qSTBNQ3dpY0dGMGFDSTZJaTkyTVM5d1pXOXdiR1V2YldWa2FYVnRMekEwTkRFNFpEQXdaVFF6TldabE1UWTRNMkptTG1wd1p5SXNJbmRwWkhSb0lqb3lOREI5LnRHbHl1alNyQlc5blk5WDRDMm5CbXBhc21keDh5aXF2NTFrYzNRSzk5NFE
김아중,https://an2-img.amz.wtchn.net/image/v2/1e73d9cf929375dc428b330f2e9f3bbc.jpg?jwt=ZXlKaGJHY2lPaUpJVXpJMU5pSjkuZXlKamNtOXdJanAwY25WbExDSm9aV2xuYUhRaU9qSTBNQ3dpY0dGMGFDSTZJaTkyTVM5d1pXOXdiR1V2YldWa2FYVnRMMkUyWkRZelpqRmtOR0U1TkRnNVpUbGpaall5TG1wd1p5SXNJbmRwWkhSb0lqb3lOREI5LnA3Unk4OTBaUzhUMy1KNTdSN25WSURJRVkxS3FVVUhENEV0UUpvOHl2bzQ
류준열,https://an2-img.amz.wtchn.net/image/v2/c71f7c6ebc0f619ad1411ee8ec3596a9.jpg?jwt=ZXlKaGJHY2lPaUpJVXpJMU5pSjkuZXlKamNtOXdJanAwY25WbExDSm9aV2xuYUhRaU9qSTBNQ3dpY0dGMGFDSTZJaTkyTVM5d1pXOXdiR1V2YldWa2FYVnRMekl5WXprMU16SmlPRE5oTURCa1lUTTNZalE0TG1wd1p5SXNJbmRwWkhSb0lqb3lOREI5LjdCMWpFamZqZy1qbjYwV0dYZTBya0NKbTVtOEM4dmZRUU1sX1lLajRQUUE
이현종,http://t1.daumcdn.net/cfile/26523B465285A0722C
김아중,https://an2-img.amz.wtchn.net/image/v2/1e73d9cf929375dc428b330f2e9f3bbc.jpg?jwt=ZXlKaGJHY2lPaUpJVXpJMU5pSjkuZXlKamNtOXdJanAwY25WbExDSm9aV2xuYUhRaU9qSTBNQ3dpY0dGMGFDSTZJaTkyTVM5d1pXOXdiR1V2YldWa2FYVnRMMkUyWkRZelpqRmtOR0U1TkRnNVpUbGpaall5TG1wd1p5SXNJbmRwWkhSb0lqb3lOREI5LnA3Unk4OTBaUzhUMy1KNTdSN25WSURJRVkxS3FVVUhENEV0UUpvOHl2bzQ
주원,https://an2-img.amz.wtchn.net/image/v2/85ac690c16862a8f9b2ea7748a7eb846.jpg?jwt=ZXlKaGJHY2lPaUpJVXpJMU5pSjkuZXlKamNtOXdJanAwY25WbExDSm9aV2xuYUhRaU9qSTBNQ3dpY0dGMGFDSTZJaTkyTVM5d1pXOXdiR1V2YldWa2FYVnRMMlF6WkdRd1lXVTFPV1JoTW1WbU9EbGxPR1V5TG1wd1p5SXNJbmRwWkhSb0lqb3lOREI5LnpUdm1Jbnh6WFIwV3JOYV9HTk1FUkhSclBsdGQtenhaU1F3em80eVJLbDg
주진모,https://an2-img.amz.wtchn.net/image/v2/b49177971af49d3200e6d30aa21fc0f6.jpg?jwt=ZXlKaGJHY2lPaUpJVXpJMU5pSjkuZXlKamNtOXdJanAwY25WbExDSm9aV2xuYUhRaU9qSTBNQ3dpY0dGMGFDSTZJaTkyTVM5d1pXOXdiR1V2YldWa2FYVnRMMk15WXpVelpqZzNaakV4WkdZME9EUXlOamt6TG1wd1p5SXNJbmRwWkhSb0lqb3lOREI5LlhFdUhLSzJvS3QzZU9wazJsSGlSTkprYmNvdVlSU1g0M3pTeWtfOTRFaGc
백도빈,https://an2-img.amz.wtchn.net/image/v2/23f5783b75f75221dfbe1b82e084b799.jpg?jwt=ZXlKaGJHY2lPaUpJVXpJMU5pSjkuZXlKamNtOXdJanAwY25WbExDSm9aV2xuYUhRaU9qSTBNQ3dpY0dGMGFDSTZJaTkyTVM5d1pXOXdiR1V2YldWa2FYVnRMMlkyTVdVeU5EWmtObVUzTURaaU1URmpPRGswTG1wd1p5SXNJbmRwWkhSb0lqb3lOREI5LktBM2RkUE1lQkFaV05WNU1tMFNHLXp0em5TdDNvQ193YWlEY2lSYl9SaGs
황태광,https://an2-img.amz.wtchn.net/image/v2/aec28aa9b0be34dd02ac19d370cf4507.jpg?jwt=ZXlKaGJHY2lPaUpJVXpJMU5pSjkuZXlKamNtOXdJanAwY25WbExDSm9aV2xuYUhRaU9qSTBNQ3dpY0dGMGFDSTZJaTkyTVM5d1pXOXdiR1V2YldWa2FYVnRMekJtWlRVMU9EVXpNRGcwWmprMFlUQm1OVGcyTG1wd1p5SXNJbmRwWkhSb0lqb3lOREI5LkFwWi1KaTZYWjMtX2lIQ2toQ3NmN1MycGZSaF9WS3FLc2tPMl91UmU2ZEk
최국희,https://an2-img.amz.wtchn.net/image/v2/31eed183b6228c11a022ae9ffb29e26a.jpg?jwt=ZXlKaGJHY2lPaUpJVXpJMU5pSjkuZXlKamNtOXdJanAwY25WbExDSm9aV2xuYUhRaU9qSTBNQ3dpY0dGMGFDSTZJaTkyTVM5d1pXOXdiR1V2YldWa2FYVnRMemszTmpjM09USmpPRGd5WkdNMk16Qm1NRFF5TG1wd1p5SXNJbmRwWkhSb0lqb3lOREI5LndiUzcwcS1YcGV2T1JhVnZXM2l4czI5QVpZYk4teTYxWGtUVHhReFFOeWc
유아인,https://an2-img.amz.wtchn.net/image/v2/faf9554e59edb5488857f20e066f168d.jpg?jwt=ZXlKaGJHY2lPaUpJVXpJMU5pSjkuZXlKamNtOXdJanAwY25WbExDSm9aV2xuYUhRaU9qSTBNQ3dpY0dGMGFDSTZJaTkyTVM5d1pXOXdiR1V2YldWa2FYVnRMMkU1TURCbFkyVTNaRE0xTldNMlptRXpaRFkxTG1wd1p5SXNJbmRwWkhSb0lqb3lOREI5LnMxVGZLY2dudjVDX3M4MHZDQnFIVV9kbV9mSV83a3dWU2ltakVERnhvZHc
허준호,https://an2-img.amz.wtchn.net/image/v2/a69b13a5adbbc140fd77dd386e4e9978.jpg?jwt=ZXlKaGJHY2lPaUpJVXpJMU5pSjkuZXlKamNtOXdJanAwY25WbExDSm9aV2xuYUhRaU9qSTBNQ3dpY0dGMGFDSTZJaTkyTVM5d1pXOXdiR1V2YldWa2FYVnRMelJsTVRZNU56SXdaamM1WW1abFpHUTBNREV4TG1wd1p5SXNJbmRwWkhSb0lqb3lOREI5LkdRcmlXXzdaSFpBb0NvdXhCN3VaN0QtOEJuc0JWdTBfaENfaGR4bjJ1SzQ
조우진,https://an2-img.amz.wtchn.net/image/v2/842e9db1c47b8788e070f5e7000323db.jpg?jwt=ZXlKaGJHY2lPaUpJVXpJMU5pSjkuZXlKamNtOXdJanAwY25WbExDSm9aV2xuYUhRaU9qSTBNQ3dpY0dGMGFDSTZJaTkyTVM5d1pXOXdiR1V2YldWa2FYVnRMMlJsTkRsbFpUQmhZVFV4TTJJMU9ERTRObVZrTG1wd1p5SXNJbmRwWkhSb0lqb3lOREI5LjZ4M201ck92ZVVxSVRycTRDYUI4MktaTlZDdzA5US03STRsbTBDZEdvOW8
뱅상 카셀,https://an2-img.amz.wtchn.net/image/v2/b809afd6fb8142a241339c1aa434e965.jpg?jwt=ZXlKaGJHY2lPaUpJVXpJMU5pSjkuZXlKamNtOXdJanAwY25WbExDSm9aV2xuYUhRaU9qSTBNQ3dpY0dGMGFDSTZJaTkyTVM5d1pXOXdiR1V2YldWa2FYVnRMMlZrTURVd1pHWmpOREF5T1RneE1qZzNPVFkxTG1wd1p5SXNJbmRwWkhSb0lqb3lOREI5Lld2LU1NOWxQRl9lRXJraGgxMk1vVkpDekFKT0F5S2pLN2RMcWowelFtUDA
전지현,https://an2-img.amz.wtchn.net/image/v2/e3f7263dcea6039726bd726afd843aa7.jpg?jwt=ZXlKaGJHY2lPaUpJVXpJMU5pSjkuZXlKamNtOXdJanAwY25WbExDSm9aV2xuYUhRaU9qSTBNQ3dpY0dGMGFDSTZJaTkyTVM5d1pXOXdiR1V2YldWa2FYVnRMMkl4TVRJMU5qazBaVGxtWVRjME56RTVOakEyTG1wd1p5SXNJbmRwWkhSb0lqb3lOREI5LlFwM204cVVxby1ud0w1dlNLVXdxU1JQZFJQc3h0YkdnaF9jUzdVYnhLMm8
임달화,https://an2-img.amz.wtchn.net/image/v2/a5571c0dc4294ddb73c86184c7a8c955.jpg?jwt=ZXlKaGJHY2lPaUpJVXpJMU5pSjkuZXlKamNtOXdJanAwY25WbExDSm9aV2xuYUhRaU9qSTBNQ3dpY0dGMGFDSTZJaTkyTVM5d1pXOXdiR1V2YldWa2FYVnRMemt6WVdKaE1URXlNV1UzWmpRd1ltVTVOell4TG1wd1p5SXNJbmRwWkhSb0lqb3lOREI5LjNldGFwVHJMSzZudDBBZ0V1MnNCRkV1NU80VFFsRGdMeVhXSGdpZ2Fodk0
조정래,https://an2-img.amz.wtchn.net/image/v2/42a32167da08a9541cce8c9a87a2d443.jpg?jwt=ZXlKaGJHY2lPaUpJVXpJMU5pSjkuZXlKamNtOXdJanAwY25WbExDSm9aV2xuYUhRaU9qSTBNQ3dpY0dGMGFDSTZJaTkyTVM5d1pXOXdiR1V2YldWa2FYVnRMelZtWmpnNE16SXdOVEZqT0dGbVpUY3lZVEZpTG1wd1p5SXNJbmRwWkhSb0lqb3lOREI5LlN1VVRXb1k4R21sTHJUVG1qU0dSWFRmbXVTV1lQaUJKMmJnZG9FS3J5b2M
최리,https://an2-img.amz.wtchn.net/image/v2/1dac69d84447c884063570187b24ad0b.jpg?jwt=ZXlKaGJHY2lPaUpJVXpJMU5pSjkuZXlKamNtOXdJanAwY25WbExDSm9aV2xuYUhRaU9qSTBNQ3dpY0dGMGFDSTZJaTkyTVM5d1pXOXdiR1V2YldWa2FYVnRMMkl5WWpWaE16TTVaR0UwTmpOalpXRXpObUV3TG1wd1p5SXNJbmRwWkhSb0lqb3lOREI5LklSSGRpc20zR2hrVUVhazhSTFp0YUVGbmJXWXJ0TTRDamZxRzQ3Vm90OGM
강하나,https://an2-img.amz.wtchn.net/image/v2/d9da6aa8c6ba7d7f73fee009fc7491fc.jpg?jwt=ZXlKaGJHY2lPaUpJVXpJMU5pSjkuZXlKamNtOXdJanAwY25WbExDSm9aV2xuYUhRaU9qSTBNQ3dpY0dGMGFDSTZJaTkyTVM5d1pXOXdiR1V2YldWa2FYVnRMMk00TURnM01qSmxaV0psWVRBNFpESmhNek15TG1wd1p5SXNJbmRwWkhSb0lqb3lOREI5Li1DUFNvQU01YWN0NGV1bmlhdXlydVhkdEZHUGFMVW1XNFp3eVJsd0ttSjg
손숙,https://an2-img.amz.wtchn.net/image/v2/6ad883ab275cf281a836641fee30254c.jpg?jwt=ZXlKaGJHY2lPaUpJVXpJMU5pSjkuZXlKamNtOXdJanAwY25WbExDSm9aV2xuYUhRaU9qSTBNQ3dpY0dGMGFDSTZJaTkyTVM5d1pXOXdiR1V2YldWa2FYVnRMekl5WWpVeE9XVTRZakEzTXpFek5HTmhPR05rTG1wd1p5SXNJbmRwWkhSb0lqb3lOREI5LjdaTk9ESTZTQzRIX2g0MFVXeUdyNEw1eVVmbVp3Qzk0Q1Y5eDk2SGJUSE0
백수련,https://an2-img.amz.wtchn.net/image/v2/57a2f77e3674eb7831b88c58d0790f1f.jpg?jwt=ZXlKaGJHY2lPaUpJVXpJMU5pSjkuZXlKamNtOXdJanAwY25WbExDSm9aV2xuYUhRaU9qSTBNQ3dpY0dGMGFDSTZJaTkyTVM5d1pXOXdiR1V2YldWa2FYVnRMMlk1T1Rjek56VXlNMkptWTJVMU5tRmlOelZsTG1wd1p5SXNJbmRwWkhSb0lqb3lOREI5LnVBaWpJYll0NnJOal80T2s2UFJvQjB2RXdTZVcxSFgyQ3RVN0xqTERvb3c
임성철,https://an2-img.amz.wtchn.net/image/v2/6080ff81b9502f7a239e74d167b7a3b5.jpg?jwt=ZXlKaGJHY2lPaUpJVXpJMU5pSjkuZXlKamNtOXdJanAwY25WbExDSm9aV2xuYUhRaU9qSTBNQ3dpY0dGMGFDSTZJaTkyTVM5d1pXOXdiR1V2YldWa2FYVnRMek00WlRJd09EQXpOR1E0WkRrM00yWTBPV0UzTG1wd1p5SXNJbmRwWkhSb0lqb3lOREI5LmIxbWxDNjhMclVPOEd3UTllS1ZmQVlGcklkdUhTdl9xZWdwWlFoS1BPQm8
이창동,https://an2-img.amz.wtchn.net/image/v2/5bcf89d546dea12e610427e8baf9e0d9.jpg?jwt=ZXlKaGJHY2lPaUpJVXpJMU5pSjkuZXlKamNtOXdJanAwY25WbExDSm9aV2xuYUhRaU9qSTBNQ3dpY0dGMGFDSTZJaTkyTVM5d1pXOXdiR1V2YldWa2FYVnRMell3T1RsaU9XTTBOVFk0TURZME16bGxNVFl6TG1wd1p5SXNJbmRwWkhSb0lqb3lOREI5LnZOSjIxY0N1eDdNSE5OamFTQjYyWnFXeWoxU0tETlItYlIyVGZ4NmVkYzQ
전도연,https://an2-img.amz.wtchn.net/image/v2/4bc6d7f705ffb1823b4b49a2a229b454.jpg?jwt=ZXlKaGJHY2lPaUpJVXpJMU5pSjkuZXlKamNtOXdJanAwY25WbExDSm9aV2xuYUhRaU9qSTBNQ3dpY0dGMGFDSTZJaTkyTVM5d1pXOXdiR1V2YldWa2FYVnRMMlU0WVdZeU1tWXdOR00zT0dWaU9UWmtPVE5pTG1wd1p5SXNJbmRwWkhSb0lqb3lOREI5LjFncnpwN3J4Rzk0WmxPYjVtUHA2NWhJX0drNjlTN1pCWThRdk5ub1M1MjQ
김영재,https://an2-img.amz.wtchn.net/image/v2/084225a6ce69800306eddceb4a49e329.jpg?jwt=ZXlKaGJHY2lPaUpJVXpJMU5pSjkuZXlKamNtOXdJanAwY25WbExDSm9aV2xuYUhRaU9qSTBNQ3dpY0dGMGFDSTZJaTkyTVM5d1pXOXdiR1V2YldWa2FYVnRMMlF5T0RaaVkyVXdZamxtTXpBNU9XVXlPREJrTG1wd1p5SXNJbmRwWkhSb0lqb3lOREI5LjFmOERLdm5hS3BzZGVTcDBSRFdnWkhsWHlEVTdQZVBMbF90cnFtSjRLMlE
김미향,https://an2-img.amz.wtchn.net/image/v2/fcef17d73f8cadfe83b4412407c47743.jpg?jwt=ZXlKaGJHY2lPaUpJVXpJMU5pSjkuZXlKamNtOXdJanAwY25WbExDSm9aV2xuYUhRaU9qSTBNQ3dpY0dGMGFDSTZJaTkyTVM5d1pXOXdiR1V2YldWa2FYVnRMekE0WVdWak0yUXdNbUZoWlRFNE5XRXpaakJpTG1wd1p5SXNJbmRwWkhSb0lqb3lOREI5LjZsLVBUVFBRbW5lWXNsTEsxdFJEUUxWQ3JzQi1GUHV5bHhVNW5tMkd3TDA
김미경,https://an2-img.amz.wtchn.net/image/v2/4c3adc07f68e396657f31d96451c3091.jpg?jwt=ZXlKaGJHY2lPaUpJVXpJMU5pSjkuZXlKamNtOXdJanAwY25WbExDSm9aV2xuYUhRaU9qSTBNQ3dpY0dGMGFDSTZJaTkyTVM5d1pXOXdiR1V2YldWa2FYVnRMMlprTm1Ga1l6VXlPRGt4TWprMVlUWmpOVE5qTG1wd1p5SXNJbmRwWkhSb0lqb3lOREI5Li1WSXBTM1BlcTF0ejZoaVpDM0RZTGd0ODdzV3pmUU1YdVlvNTJYWWxLSDg
나홍진,https://an2-img.amz.wtchn.net/image/v2/51db2ae95d98c6240acdaf190c2eec69.jpg?jwt=ZXlKaGJHY2lPaUpJVXpJMU5pSjkuZXlKamNtOXdJanAwY25WbExDSm9aV2xuYUhRaU9qSTBNQ3dpY0dGMGFDSTZJaTkyTVM5d1pXOXdiR1V2YldWa2FYVnRMMll4TURsbE56UmxObVZoTkdaaU5EZzJabVU1TG1wd1p5SXNJbmRwWkhSb0lqb3lOREI5LmY4NVE2TzZMa0x5bDE2UUQ0TnUyOVZ2N2hiR1RUTkdUX2RscjV4YU1KYmM
곽도원,https://an2-img.amz.wtchn.net/image/v2/f540324d2861a6cc881e44c1ebf1daa0.jpg?jwt=ZXlKaGJHY2lPaUpJVXpJMU5pSjkuZXlKamNtOXdJanAwY25WbExDSm9aV2xuYUhRaU9qSTBNQ3dpY0dGMGFDSTZJaTkyTVM5d1pXOXdiR1V2YldWa2FYVnRMelF3TURZd016WmtOall6T0dJeVptWTVOVE13TG1wd1p5SXNJbmRwWkhSb0lqb3lOREI5LncxcG5mZkxVQXpoTEZIaUV3R0U2UE5fQWZ1T1V2UjZwN19OUmcwd2VfQmM
천우희,https://an2-img.amz.wtchn.net/image/v2/d62135e1be87d10984c3d96dbff3f0d1.jpg?jwt=ZXlKaGJHY2lPaUpJVXpJMU5pSjkuZXlKamNtOXdJanAwY25WbExDSm9aV2xuYUhRaU9qSTBNQ3dpY0dGMGFDSTZJaTkyTVM5d1pXOXdiR1V2YldWa2FYVnRMMkUwTlRVNU1HSTROVFJoTURrM09UazRaREZpTG1wd1p5SXNJbmRwWkhSb0lqb3lOREI5LnlrVGZqSklYQUdwQjAybHFhSXhxV1dpY0F1SU0tanRkVmlHZ0Q1OW5GcVE
쿠니무라 준,https://an2-img.amz.wtchn.net/image/v2/9de03b1477f5dcfe10f7805b3d3a6474.jpg?jwt=ZXlKaGJHY2lPaUpJVXpJMU5pSjkuZXlKamNtOXdJanAwY25WbExDSm9aV2xuYUhRaU9qSTBNQ3dpY0dGMGFDSTZJaTkyTVM5d1pXOXdiR1V2YldWa2FYVnRMekZsT0dZMk56RXdORFpsWldJMll6WmlabVZtTG1wd1p5SXNJbmRwWkhSb0lqb3lOREI5Lnk5TkFWNDF5ZmFrdmVDQ2pVQjVNbHZYc0hZVVppREQ3ZE1UQ1FkVEIyOTA
김환희,https://an2-img.amz.wtchn.net/image/v2/c2cb7c655c508434a4a3f986309466f3.jpg?jwt=ZXlKaGJHY2lPaUpJVXpJMU5pSjkuZXlKamNtOXdJanAwY25WbExDSm9aV2xuYUhRaU9qSTBNQ3dpY0dGMGFDSTZJaTkyTVM5d1pXOXdiR1V2YldWa2FYVnRMekkzT0RSbVptTTBZMk15TURWa05HSTFaREl5TG1wd1p5SXNJbmRwWkhSb0lqb3lOREI5LkFmUk5obzQtRDhKc1pWVzZUTFpqQ3FOamdWUXY0OENqazl3dS1tbXBsNFU
곽재용,https://an2-img.amz.wtchn.net/image/v2/6f034513f824b6a35b97a2e311642694.jpg?jwt=ZXlKaGJHY2lPaUpJVXpJMU5pSjkuZXlKamNtOXdJanAwY25WbExDSm9aV2xuYUhRaU9qSTBNQ3dpY0dGMGFDSTZJaTkyTVM5d1pXOXdiR1V2YldWa2FYVnRMMlUxTTJKaU5HUm1NakZpWlRBNFpqRTJPV05sTG1wd1p5SXNJbmRwWkhSb0lqb3lOREI5LkFLSHpLMDFQZkhRMXFLX2M2SlVZeGNRaFZKYnBkM1dHbS00bENDMXVYV00
차태현,https://an2-img.amz.wtchn.net/image/v2/d6e3e5b9ac65504cbc5ac9a378382c43.jpg?jwt=ZXlKaGJHY2lPaUpJVXpJMU5pSjkuZXlKamNtOXdJanAwY25WbExDSm9aV2xuYUhRaU9qSTBNQ3dpY0dGMGFDSTZJaTkyTVM5d1pXOXdiR1V2YldWa2FYVnRMMkpsT1dRNU5UaGlPV1EwT1dJNU5ERTJaVGRqTG1wd1p5SXNJbmRwWkhSb0lqb3lOREI5LjRYcEd0UDdMSktPZ1kteVpVelRWM3k0ai1ILTcwdWVWa2cwdDhzb2xsY2c
김인문,https://an2-img.amz.wtchn.net/image/v2/0c6226401957178b269a7a2759db4251.jpg?jwt=ZXlKaGJHY2lPaUpJVXpJMU5pSjkuZXlKamNtOXdJanAwY25WbExDSm9aV2xuYUhRaU9qSTBNQ3dpY0dGMGFDSTZJaTkyTVM5d1pXOXdiR1V2YldWa2FYVnRMelZsT0RVMU9UY3pNamhsWlRRM1ltWXpNRFprTG1wd1p5SXNJbmRwWkhSb0lqb3lOREI5Llc5NnppQlUwa2FHWDZGWTVRaHZGeUM5aHFKbWFMTnlCd0JvTC1XWC1WMEE
송옥숙,https://an2-img.amz.wtchn.net/image/v2/5f1f30faec1c0c54305e615617600998.jpg?jwt=ZXlKaGJHY2lPaUpJVXpJMU5pSjkuZXlKamNtOXdJanAwY25WbExDSm9aV2xuYUhRaU9qSTBNQ3dpY0dGMGFDSTZJaTkyTVM5d1pXOXdiR1V2YldWa2FYVnRMekprTnpVNU5EUTFaRFV5T1RJME1qa3pNbU5sTG1wd1p5SXNJbmRwWkhSb0lqb3lOREI5Lm1EcGZoNDktWGhmbFFhTVgxTUlSa3hCUmoyY1pKazVBQW1GYlY1SjVIUVU
한진희,https://an2-img.amz.wtchn.net/image/v2/c79aee0164d931e7b6f75eea1dc5c55e.jpg?jwt=ZXlKaGJHY2lPaUpJVXpJMU5pSjkuZXlKamNtOXdJanAwY25WbExDSm9aV2xuYUhRaU9qSTBNQ3dpY0dGMGFDSTZJaTkyTVM5d1pXOXdiR1V2YldWa2FYVnRMMlptWVRRM1pXWTRNV1JqWldVM1lXUTROV1ExTG1wd1p5SXNJbmRwWkhSb0lqb3lOREI5Lm5aVS0yWXlwYk9Fa0RWQWhlbHhMU0RPQzYzRWFEbUhVV3N5ZmZPUXdfS28
강제규,https://an2-img.amz.wtchn.net/image/v2/3b08826d204a10ae0a045d807b4a36fc.jpg?jwt=ZXlKaGJHY2lPaUpJVXpJMU5pSjkuZXlKamNtOXdJanAwY25WbExDSm9aV2xuYUhRaU9qSTBNQ3dpY0dGMGFDSTZJaTkyTVM5d1pXOXdiR1V2YldWa2FYVnRMMkUzWVRKbU5URmxNbUpoTW1GalpESXhZV0U0TG1wd1p5SXNJbmRwWkhSb0lqb3lOREI5LjlIU0J4N2QweUVUZ1E4RlM4X0M4ajMzSVZqUE41akRORzItYkZCQjZNYjQ
한석규,https://an2-img.amz.wtchn.net/image/v2/de17f3b0b740aea3bf851fbda83e17eb.jpg?jwt=ZXlKaGJHY2lPaUpJVXpJMU5pSjkuZXlKamNtOXdJanAwY25WbExDSm9aV2xuYUhRaU9qSTBNQ3dpY0dGMGFDSTZJaTkyTVM5d1pXOXdiR1V2YldWa2FYVnRMMlJoT1dZM05tWXpNekEwTWpJd1pqZ3lNVE5oTG1wd1p5SXNJbmRwWkhSb0lqb3lOREI5LmQ1aUs1Zm5nRTJPLTRQbmh4UlZvNXlxZXVDc1lINUN5dzkyMVdNZmxFQzQ
김윤진,https://an2-img.amz.wtchn.net/image/v2/6398ef4f8be164e6d83221db7d8431af.jpg?jwt=ZXlKaGJHY2lPaUpJVXpJMU5pSjkuZXlKamNtOXdJanAwY25WbExDSm9aV2xuYUhRaU9qSTBNQ3dpY0dGMGFDSTZJaTkyTVM5d1pXOXdiR1V2YldWa2FYVnRMMk0zTm1Oak9UVTRNbUkxTURGbE5EQTJZbVl3TG1wd1p5SXNJbmRwWkhSb0lqb3lOREI5LjJySkYtTWFzZzZweVNOMTR5ZHZKOE80RXhGYkFKdUVycmc5UDVDU2RFOWc
박용우,https://an2-img.amz.wtchn.net/image/v2/581bd709bae93e9eff79a5a2e9626a83.jpg?jwt=ZXlKaGJHY2lPaUpJVXpJMU5pSjkuZXlKamNtOXdJanAwY25WbExDSm9aV2xuYUhRaU9qSTBNQ3dpY0dGMGFDSTZJaTkyTVM5d1pXOXdiR1V2YldWa2FYVnRMekJtTVdFNE1EUXpNamhrWXpObVlXRTVabVV4TG1wd1p5SXNJbmRwWkhSb0lqb3lOREI5LmdDb283RVphM0ZxNzRWYXREYXFfUHhDcGNsRWJ3OEpGUzdjbExkcjVjbkk
허진호,https://an2-img.amz.wtchn.net/image/v2/881dc851588a355b36bf4440f4783062.jpg?jwt=ZXlKaGJHY2lPaUpJVXpJMU5pSjkuZXlKamNtOXdJanAwY25WbExDSm9aV2xuYUhRaU9qSTBNQ3dpY0dGMGFDSTZJaTkyTVM5d1pXOXdiR1V2YldWa2FYVnRMMlU0TW1NeFpEVTJZamt5TkdKalpEZGxNalV3TG1wd1p5SXNJbmRwWkhSb0lqb3lOREI5LlgzMWpMLUVhZmR6ZzBwXzNoU0VPTVZvVzZvUG43UG5KWFVJR1R3Ym1iQmc
심은하,https://an2-img.amz.wtchn.net/image/v2/2fedc36970a3992cc6819b523f54416d.jpeg?jwt=ZXlKaGJHY2lPaUpJVXpJMU5pSjkuZXlKamNtOXdJanAwY25WbExDSm9aV2xuYUhRaU9qSTBNQ3dpY0dGMGFDSTZJaTkyTWk5emRHOXlaUzl3WlhKemIyNHZNVFl5TmpFNU1EQXhNalV4TXpFeE1qY3lNU0lzSW5kcFpIUm9Jam95TkRCOS43cDBtYTJ3UEs3VUhVcEJ4bi1KN3ZvV0l4M2hTY1ZaaU5WRWNta1BYcjVV
신구,https://an2-img.amz.wtchn.net/image/v2/8248607e150b14326eab69928e84b52b.jpg?jwt=ZXlKaGJHY2lPaUpJVXpJMU5pSjkuZXlKamNtOXdJanAwY25WbExDSm9aV2xuYUhRaU9qSTBNQ3dpY0dGMGFDSTZJaTkyTVM5d1pXOXdiR1V2YldWa2FYVnRMMlZrWXpneE9EUTNNREl5TjJWalpUSXlOamd4TG1wd1p5SXNJbmRwWkhSb0lqb3lOREI5LkVNcmxVSGFIVE5IeC0yMFJJTkdhZE16djdyRHEtSk1ZYWJ5R1RyY1VUcGc
오지혜,https://an2-img.amz.wtchn.net/image/v2/1b9b35765242e1e1e6ac20c59699041b.jpg?jwt=ZXlKaGJHY2lPaUpJVXpJMU5pSjkuZXlKamNtOXdJanAwY25WbExDSm9aV2xuYUhRaU9qSTBNQ3dpY0dGMGFDSTZJaTkyTVM5d1pXOXdiR1V2YldWa2FYVnRMekU0TjJRNU9ETmhabUUwTWpnMFlqTXhObVZrTG1wd1p5SXNJbmRwWkhSb0lqb3lOREI5LklWLTZQOERua0lvRlFMb3BQMXNsZjdIeG9WcG92S2txLWptbkxBODc5M1E
전미선,https://an2-img.amz.wtchn.net/image/v2/140700a933b55e96c7395dff1ee0c938.jpg?jwt=ZXlKaGJHY2lPaUpJVXpJMU5pSjkuZXlKamNtOXdJanAwY25WbExDSm9aV2xuYUhRaU9qSTBNQ3dpY0dGMGFDSTZJaTkyTVM5d1pXOXdiR1V2YldWa2FYVnRMekkyTVdRNU1UYzBZemt3T0RObU5tUXlORGhtTG1wd1p5SXNJbmRwWkhSb0lqb3lOREI5LnJ2WkJyVjJ1U2JNM2o1Z21wM05QUU1NNlVLS2xYcE5yLUg4M2ltTEJDejQ
이용주,https://an2-img.amz.wtchn.net/image/v2/f043f5cb86b52164d0fcc9a9bf48f10e.jpg?jwt=ZXlKaGJHY2lPaUpJVXpJMU5pSjkuZXlKamNtOXdJanAwY25WbExDSm9aV2xuYUhRaU9qSTBNQ3dpY0dGMGFDSTZJaTkyTVM5d1pXOXdiR1V2YldWa2FYVnRMelJrTnpKaU56WmxaalJoT0ROaFlURTBNVEptTG1wd1p5SXNJbmRwWkhSb0lqb3lOREI5LlF2RzU1Zjh0NFFwcEFoU1REX01GMVNVaS1jNHRrZi0tLWpYV2xxVGNmd1k
엄태웅,https://an2-img.amz.wtchn.net/image/v2/00c5e93e4284771aa0c638758d70292b.jpg?jwt=ZXlKaGJHY2lPaUpJVXpJMU5pSjkuZXlKamNtOXdJanAwY25WbExDSm9aV2xuYUhRaU9qSTBNQ3dpY0dGMGFDSTZJaTkyTVM5d1pXOXdiR1V2YldWa2FYVnRMMlV3TmprM056Y3dPRGt6Wmpoa05qSXlaR1poTG1wd1p5SXNJbmRwWkhSb0lqb3lOREI5LkNJNXlmaU1CV29UdG0wc0lhSUp0eEw5dXoyM0JmME5XR0lTbDgyMFBHanc
한가인,https://an2-img.amz.wtchn.net/image/v2/2fe032c453d847eefbf9c5b0e37fcb6f.jpg?jwt=ZXlKaGJHY2lPaUpJVXpJMU5pSjkuZXlKamNtOXdJanAwY25WbExDSm9aV2xuYUhRaU9qSTBNQ3dpY0dGMGFDSTZJaTkyTVM5d1pXOXdiR1V2YldWa2FYVnRMekU0TWpCa05qRTVZek0xTlRGaU0yTXpZVEE0TG1wd1p5SXNJbmRwWkhSb0lqb3lOREI5LmFMWldYeWVBODlIcU9jSEdEaG8zR3JSTGk0RGZGOWwtQ2tocXNtQ1k3UHc
이제훈,https://an2-img.amz.wtchn.net/image/v2/1572c2981c8ca40aac775924d8b0ffcb.jpg?jwt=ZXlKaGJHY2lPaUpJVXpJMU5pSjkuZXlKamNtOXdJanAwY25WbExDSm9aV2xuYUhRaU9qSTBNQ3dpY0dGMGFDSTZJaTkyTVM5d1pXOXdiR1V2YldWa2FYVnRMMk15T0dNME56Z3hNVEl5WWprM05tUTJaVEJsTG1wd1p5SXNJbmRwWkhSb0lqb3lOREI5LkhMU2JEYVBWVzZIVXhVOF8wR3J2ZkRrN2k5VTNaQlFXdl9wYWJWWlRHeDA
배수지,https://an2-img.amz.wtchn.net/image/v2/fcbeea8c7c4cfdb77eaab4c3db1adae9.jpg?jwt=ZXlKaGJHY2lPaUpJVXpJMU5pSjkuZXlKamNtOXdJanAwY25WbExDSm9aV2xuYUhRaU9qSTBNQ3dpY0dGMGFDSTZJaTkyTVM5d1pXOXdiR1V2YldWa2FYVnRMekk0TURKbE56QmhZekkzWkdZellUUmtZVGRpTG1wd1p5SXNJbmRwWkhSb0lqb3lOREI5LkZhalBRWWNZNkJzbjNtdnctckoxWllRRUkySGlZVWs2MEpCNEtneVFZWGc
조정석,https://an2-img.amz.wtchn.net/image/v2/b5ddfd8e5cf70562ae419c6ead9e6b82.jpg?jwt=ZXlKaGJHY2lPaUpJVXpJMU5pSjkuZXlKamNtOXdJanAwY25WbExDSm9aV2xuYUhRaU9qSTBNQ3dpY0dGMGFDSTZJaTkyTVM5d1pXOXdiR1V2YldWa2FYVnRMemMzWTJNNE56a3haVEprWXpsbU9HVmlOMlV5TG1wd1p5SXNJbmRwWkhSb0lqb3lOREI5LnprblViN0VvbWxRRmxjZTc2aW55T1Y0M2dnS1dtSGc3TXR2M2JiOU5VeTA
김성훈,https://an2-img.amz.wtchn.net/image/v2/291dbcf2034d3deefe18e35115029673.jpg?jwt=ZXlKaGJHY2lPaUpJVXpJMU5pSjkuZXlKamNtOXdJanAwY25WbExDSm9aV2xuYUhRaU9qSTBNQ3dpY0dGMGFDSTZJaTkyTVM5d1pXOXdiR1V2YldWa2FYVnRMelpoTnpFNFptRm1NREU1Wmpka1lUVXdPRE16TG1wd1p5SXNJbmRwWkhSb0lqb3lOREI5LmFTeUVfd2ZTMDN1cGxXTi1wR3V4UWpNTXR1Qi1kWm13dDh5c3NBY3hNcTQ
박병은,https://an2-img.amz.wtchn.net/image/v2/daba21ef4a9725333ec944d9d2b2517c.jpg?jwt=ZXlKaGJHY2lPaUpJVXpJMU5pSjkuZXlKamNtOXdJanAwY25WbExDSm9aV2xuYUhRaU9qSTBNQ3dpY0dGMGFDSTZJaTkyTVM5d1pXOXdiR1V2YldWa2FYVnRMekJsWm1Kak5HTTROV1E0TkRBM09ESXhZVE5rTG1wd1p5SXNJbmRwWkhSb0lqb3lOREI5LjVVMklOUkhzTmNRXzhOTkV6T0xFbENNQVlpMjlHbFk0UF83eEZSMWlHRjQ
김시아,https://an2-img.amz.wtchn.net/image/v2/935d4ffe8f5951127d0be2122f29e223.jpg?jwt=ZXlKaGJHY2lPaUpJVXpJMU5pSjkuZXlKamNtOXdJanAwY25WbExDSm9aV2xuYUhRaU9qSTBNQ3dpY0dGMGFDSTZJaTkyTVM5d1pXOXdiR1V2YldWa2FYVnRMekZtT0daak9EVmhaamRoTnpNNE1tWTFZV0ZrTG1wd1p5SXNJbmRwWkhSb0lqb3lOREI5Lm5vMlpUdlpvYXY0YWRYR1JQS25VcUxsdkN1aWlueVEzeE5naS1acXdseEk
구교환,https://an2-img.amz.wtchn.net/image/v2/6b6f47b900ced06fd4287a0add02a3ab.jpg?jwt=ZXlKaGJHY2lPaUpJVXpJMU5pSjkuZXlKamNtOXdJanAwY25WbExDSm9aV2xuYUhRaU9qSTBNQ3dpY0dGMGFDSTZJaTkyTWk5emRHOXlaUzl3WlhKemIyNHZNVFl5TmpjM01qQXdNell6TlRjeU9ETTVPQ0lzSW5kcFpIUm9Jam95TkRCOS5SZUxvRWVUa0otdDNkcFNlTmtuTGxpZ3lGNmV1dzhIZWY5TGhEMHFETi1v
연상호,https://an2-img.amz.wtchn.net/image/v2/7f6de6f0f8888780ed584f3fb6e80bde.jpg?jwt=ZXlKaGJHY2lPaUpJVXpJMU5pSjkuZXlKamNtOXdJanAwY25WbExDSm9aV2xuYUhRaU9qSTBNQ3dpY0dGMGFDSTZJaTkyTVM5d1pXOXdiR1V2YldWa2FYVnRMMlZpTldRMllqZG1ZV1k1T1dZNFpHUmhZV0kyTG1wd1p5SXNJbmRwWkhSb0lqb3lOREI5LmhmdUVvMjdhQ2wzZm9MWVlLY19GNTFQZVVHVGhhbUw1SlJ2YTFQUl9hOGc
공유,https://an2-img.amz.wtchn.net/image/v2/cbce9b1bc2eca4c53e42fde7962ab59a.jpg?jwt=ZXlKaGJHY2lPaUpJVXpJMU5pSjkuZXlKamNtOXdJanAwY25WbExDSm9aV2xuYUhRaU9qSTBNQ3dpY0dGMGFDSTZJaTkyTVM5d1pXOXdiR1V2YldWa2FYVnRMelpqWm1NeU1UY3lOekl6TnpnMFl6aGtNVFJqTG1wd1p5SXNJbmRwWkhSb0lqb3lOREI5Lkd5MTlLY2pmNnNHdU5abllvNFNaUVRFZ3BkVEhQb21hdnlKS3hpU0psOFU
정유미,https://an2-img.amz.wtchn.net/image/v2/e7ad25f9ad8d99d0cca1e2f4a203ae46.jpg?jwt=ZXlKaGJHY2lPaUpJVXpJMU5pSjkuZXlKamNtOXdJanAwY25WbExDSm9aV2xuYUhRaU9qSTBNQ3dpY0dGMGFDSTZJaTkyTVM5d1pXOXdiR1V2YldWa2FYVnRMekl5WXpFMk56YzFNalV4WW1SbE1qZzJOV0prTG1wd1p5SXNJbmRwWkhSb0lqb3lOREI5Lk5ZYzRsTHU4VGxaRWREb0xaNnJmMHBHOEgtR1BmNThfZG8weTVoX1dXMUE
김수안,https://an2-img.amz.wtchn.net/image/v2/462e3da0d4f6e94d336e1b140b9e2b4b.jpg?jwt=ZXlKaGJHY2lPaUpJVXpJMU5pSjkuZXlKamNtOXdJanAwY25WbExDSm9aV2xuYUhRaU9qSTBNQ3dpY0dGMGFDSTZJaTkyTVM5d1pXOXdiR1V2YldWa2FYVnRMMlprT1RVNE5HTmxaVGc0TmpsaVl6VTBNR0UzTG1wd1p5SXNJbmRwWkhSb0lqb3lOREI5LlJiSXgwaTd2dWRZQ2JHRG5DS19ONHFSZF8xcVdYS2dJYmpoa3ItMFBJZlE
김의성,https://an2-img.amz.wtchn.net/image/v2/ccf0bbfec149d42711bc35cba495d52e.jpg?jwt=ZXlKaGJHY2lPaUpJVXpJMU5pSjkuZXlKamNtOXdJanAwY25WbExDSm9aV2xuYUhRaU9qSTBNQ3dpY0dGMGFDSTZJaTkyTVM5d1pXOXdiR1V2YldWa2FYVnRMelUxTTJSa01qa3paRFF4TVRGbU5EazBPR0l3TG1wd1p5SXNJbmRwWkhSb0lqb3lOREI5Ll9zTzB2SC1iR0hfZzBncXhjU2N5bW5TMnhqcWhWTFdTaW1GM3Fid2hGS2M
성백엽,https://an2-img.amz.wtchn.net/image/v2/9e00a58b6fb3c6b1dff9dbaf130ab1bd.jpg?jwt=ZXlKaGJHY2lPaUpJVXpJMU5pSjkuZXlKamNtOXdJanAwY25WbExDSm9aV2xuYUhRaU9qSTBNQ3dpY0dGMGFDSTZJaTkyTVM5d1pXOXdiR1V2YldWa2FYVnRMMlEyWlRRMU9Ea3lOelJrTjJZME1USmtaRE5pTG1wd1p5SXNJbmRwWkhSb0lqb3lOREI5LnNrSGZKRGZSekhaRDFiblVTS211QmR1U0xJZWNtTTNmZUZvUHNoSkdCSTA
김서영,https://an2-img.amz.wtchn.net/image/v2/f5aee0022a23bb8a81bacf0343c5fb13.jpg?jwt=ZXlKaGJHY2lPaUpJVXpJMU5pSjkuZXlKamNtOXdJanAwY25WbExDSm9aV2xuYUhRaU9qSTBNQ3dpY0dGMGFDSTZJaTkyTVM5d1pXOXdiR1V2YldWa2FYVnRMMlJsTkdSbFkyWmhNelE1Wm1VeE1XUTBNRGd5TG1wd1p5SXNJbmRwWkhSb0lqb3lOREI5Lkh4ZVFnLW1sZ0prNkJtXzJfaGRrQk9FSXktVEFBWjV0c3B4eHVEdC1rczQ
박선영,https://an2-img.amz.wtchn.net/image/v2/4e27fd712acac4477f1bbb00e5fb84e6.jpg?jwt=ZXlKaGJHY2lPaUpJVXpJMU5pSjkuZXlKamNtOXdJanAwY25WbExDSm9aV2xuYUhRaU9qSTBNQ3dpY0dGMGFDSTZJaTkyTVM5d1pXOXdiR1V2YldWa2FYVnRMekU0WVRBNE16RTFZbVZtWWpVeVptVXhNREU1TG1wd1p5SXNJbmRwWkhSb0lqb3lOREI5LkFyMm4yOUZDOXdLWnJ0NnNJeXk0cHhZR3g1T0ZFQ3MxbWN0WC0xRTJfNk0
표영재,https://an2-img.amz.wtchn.net/image/v2/4c41375bb24de88774f161022531b3d2.jpg?jwt=ZXlKaGJHY2lPaUpJVXpJMU5pSjkuZXlKamNtOXdJanAwY25WbExDSm9aV2xuYUhRaU9qSTBNQ3dpY0dGMGFDSTZJaTkyTVM5d1pXOXdiR1V2YldWa2FYVnRMMlZsTkdaaVpqVTJaR001TkRZME5qaGpZV05sTG1wd1p5SXNJbmRwWkhSb0lqb3lOREI5LkhCSlF2OXo5NHM2Qk9RMlRRVXBXMVhGSVhWUFVXNW5VZmlpSDFsM1lqVFU
손종환,https://an2-img.amz.wtchn.net/image/v2/7ca61d3192cb9629ce4800cb357502a4.jpg?jwt=ZXlKaGJHY2lPaUpJVXpJMU5pSjkuZXlKamNtOXdJanAwY25WbExDSm9aV2xuYUhRaU9qSTBNQ3dpY0dGMGFDSTZJaTkyTVM5d1pXOXdiR1V2YldWa2FYVnRMMkk0TldVeU1XTmxOekEyTTJKalpqaGhZMkZrTG1wd1p5SXNJbmRwWkhSb0lqb3lOREI5LkEwR2F0cnQ1WGNHYlA1T3VlYmIwcXBjcGxjR29qVnlHVmZGVzM1UFRWQ1E
배정민,https://mblogthumb-phinf.pstatic.net/data12/2005/10/30/189/%B9%E8%C1%A4%B9%CE1-crazy3507.jpg?type=w210
장재현,https://an2-img.amz.wtchn.net/image/v2/d8f95265020d5f916dade700b8182ad0.jpg?jwt=ZXlKaGJHY2lPaUpJVXpJMU5pSjkuZXlKamNtOXdJanAwY25WbExDSm9aV2xuYUhRaU9qSTBNQ3dpY0dGMGFDSTZJaTkyTVM5d1pXOXdiR1V2YldWa2FYVnRMemM1TmpJNE1EaGtZV1V3TW1ZNVpXVmxOekkyTG1wd1p5SXNJbmRwWkhSb0lqb3lOREI5LndHVnJ0MjhDaUJnQ3oyejJhOGo5NmtnVW1CU0FMSzFOdmFtcndMeEdFdnM
강동원,https://an2-img.amz.wtchn.net/image/v2/c63a6f5f2db3c75d90a144d43e7bd46b.jpg?jwt=ZXlKaGJHY2lPaUpJVXpJMU5pSjkuZXlKamNtOXdJanAwY25WbExDSm9aV2xuYUhRaU9qSTBNQ3dpY0dGMGFDSTZJaTkyTVM5d1pXOXdiR1V2YldWa2FYVnRMekprWkRjMk5tTTJaalJsTjJGall6RmlNVFppTG1wd1p5SXNJbmRwWkhSb0lqb3lOREI5LlNyT21TSnp1Q0pzdVotaVRDTk50RGV4NjNRX3ZPeUt4ZzNGdkd2cHh2SlU
손종학,https://an2-img.amz.wtchn.net/image/v2/5093f5e83dc9f553888a9c4372006a50.jpg?jwt=ZXlKaGJHY2lPaUpJVXpJMU5pSjkuZXlKamNtOXdJanAwY25WbExDSm9aV2xuYUhRaU9qSTBNQ3dpY0dGMGFDSTZJaTkyTVM5d1pXOXdiR1V2YldWa2FYVnRMMlppWm1ZMk1HWTBNV0l4WkROaFlqTTROREJsTG1wd1p5SXNJbmRwWkhSb0lqb3lOREI5LjJRS0VRdENXX2JueDlzMnhuMzktNl9NYzJyLUZtdkY0ZGZCOC1sTEprQ3c
연상호,https://an2-img.amz.wtchn.net/image/v2/7f6de6f0f8888780ed584f3fb6e80bde.jpg?jwt=ZXlKaGJHY2lPaUpJVXpJMU5pSjkuZXlKamNtOXdJanAwY25WbExDSm9aV2xuYUhRaU9qSTBNQ3dpY0dGMGFDSTZJaTkyTVM5d1pXOXdiR1V2YldWa2FYVnRMMlZpTldRMllqZG1ZV1k1T1dZNFpHUmhZV0kyTG1wd1p5SXNJbmRwWkhSb0lqb3lOREI5LmhmdUVvMjdhQ2wzZm9MWVlLY19GNTFQZVVHVGhhbUw1SlJ2YTFQUl9hOGc
오정세,https://an2-img.amz.wtchn.net/image/v2/40dc1fd5098e358518c5f343a8b15e23.jpg?jwt=ZXlKaGJHY2lPaUpJVXpJMU5pSjkuZXlKamNtOXdJanAwY25WbExDSm9aV2xuYUhRaU9qSTBNQ3dpY0dGMGFDSTZJaTkyTVM5d1pXOXdiR1V2YldWa2FYVnRMemd4TldGa1lqaGpNamsyWkdRNVpHTXlNamcyTG1wd1p5SXNJbmRwWkhSb0lqb3lOREI5LllpV2c1MlRla1J5VGhxZlVEUU1Hb1R4Z0JNbkI0N2UxRmxpcTFxT1dEU2s
양익준,https://an2-img.amz.wtchn.net/image/v2/96468fdcc7eed0a5ae4cb2f77e4d0b1a.jpg?jwt=ZXlKaGJHY2lPaUpJVXpJMU5pSjkuZXlKamNtOXdJanAwY25WbExDSm9aV2xuYUhRaU9qSTBNQ3dpY0dGMGFDSTZJaTkyTVM5d1pXOXdiR1V2YldWa2FYVnRMelUyTjJVeU5ESm1ZMlU0WVRsbU1UVmpORFEzTG1wd1p5SXNJbmRwWkhSb0lqb3lOREI5LkpkWGI0d1MteGZiTVdXUjBxMFozZE9NM1NhMks2Z1p2Q19BSEdDMGJyZHc
권해효,https://an2-img.amz.wtchn.net/image/v2/551c1513008040fe5dc2b471a3651825.jpg?jwt=ZXlKaGJHY2lPaUpJVXpJMU5pSjkuZXlKamNtOXdJanAwY25WbExDSm9aV2xuYUhRaU9qSTBNQ3dpY0dGMGFDSTZJaTkyTVM5d1pXOXdiR1V2YldWa2FYVnRMelZtTnpFME56RmpNV1l4WmpnMk0yWTFPRGt6TG1wd1p5SXNJbmRwWkhSb0lqb3lOREI5Lk5JV01GcThMTWMxMUFWZGhvc2lxanNOZlRFZ1ZvS0g0dF9hdF9sOWFGcGs
박희본,https://an2-img.amz.wtchn.net/image/v2/3080a2c3fe76278bba28359e684448bc.jpg?jwt=ZXlKaGJHY2lPaUpJVXpJMU5pSjkuZXlKamNtOXdJanAwY25WbExDSm9aV2xuYUhRaU9qSTBNQ3dpY0dGMGFDSTZJaTkyTVM5d1pXOXdiR1V2YldWa2FYVnRMemN4TnpKbE9XSmtZbUl6TW1RMk0yTmxPV1UxTG1wd1p5SXNJbmRwWkhSb0lqb3lOREI5LkwzSllNVW1Ea2g2bWJaWHVIaktndWtNTGtHX3hkRXl2cWl6RzJGMS1zVTA
김재록,https://an2-img.amz.wtchn.net/image/v2/97f13c6dcc4f5cb28e313dbf6b8b5374.jpg?jwt=ZXlKaGJHY2lPaUpJVXpJMU5pSjkuZXlKamNtOXdJanAwY25WbExDSm9aV2xuYUhRaU9qSTBNQ3dpY0dGMGFDSTZJaTkyTVM5d1pXOXdiR1V2YldWa2FYVnRMekV6TkdZd1lUWTFOak0wTkRNNU9XRTNaRFJpTG1wd1p5SXNJbmRwWkhSb0lqb3lOREI5LjBtX0txbTNrTkJOa2NrVm5ON3VBYi1NSm1oYWtId3JTVGw4ZTRXSzM2a0k
알폰소 쿠아론,https://an2-img.amz.wtchn.net/image/v2/aa5407c976aa5cdad93d70b5c5454465.jpg?jwt=ZXlKaGJHY2lPaUpJVXpJMU5pSjkuZXlKamNtOXdJanAwY25WbExDSm9aV2xuYUhRaU9qSTBNQ3dpY0dGMGFDSTZJaTkyTVM5d1pXOXdiR1V2YldWa2FYVnRMekV5T1dJMlpEWXlOV0k1TXpVMU5qUTJaalE1TG1wd1p5SXNJbmRwWkhSb0lqb3lOREI5LjF1QWJZS1dvSEg3UlNHZ1FkTGpvTk9SeWtmWWtJa0l5aVJnVjlFUXF0NEk
다니엘 래드클리프,https://an2-img.amz.wtchn.net/image/v2/8d65b840a8d96988c4da97247f5766e7.jpg?jwt=ZXlKaGJHY2lPaUpJVXpJMU5pSjkuZXlKamNtOXdJanAwY25WbExDSm9aV2xuYUhRaU9qSTBNQ3dpY0dGMGFDSTZJaTkyTVM5d1pXOXdiR1V2YldWa2FYVnRMekprWW1Nd1pUTTRNVFV6Tm1ZNU1qZzVOalUxTG1wd1p5SXNJbmRwWkhSb0lqb3lOREI5LmQ2MkRwSmFsVGh1dkFCZmZ0X3k1SnlrM1hjOXdvRVp0SXptU003dXJhdm8
엠마 왓슨,https://an2-img.amz.wtchn.net/image/v2/85141d092e02263c80f942616efcd0a5.jpg?jwt=ZXlKaGJHY2lPaUpJVXpJMU5pSjkuZXlKamNtOXdJanAwY25WbExDSm9aV2xuYUhRaU9qSTBNQ3dpY0dGMGFDSTZJaTkyTVM5d1pXOXdiR1V2YldWa2FYVnRMMlF6WlRkallXTmpOREZpT0dNNU9EZ3pPVEUxTG1wd1p5SXNJbmRwWkhSb0lqb3lOREI5LlNYNm11UlJCcU5UQUIwS21raFI1cERKbVltandDSUt1MmpDWU11TWVVMG8
루퍼트 그린트,https://an2-img.amz.wtchn.net/image/v2/4683c6987e906e14634f94c9ebef87a7.jpg?jwt=ZXlKaGJHY2lPaUpJVXpJMU5pSjkuZXlKamNtOXdJanAwY25WbExDSm9aV2xuYUhRaU9qSTBNQ3dpY0dGMGFDSTZJaTkyTVM5d1pXOXdiR1V2YldWa2FYVnRMekF5TW1WbVpUZzBaRE14WWpsaU5EQXpNRFF3TG1wd1p5SXNJbmRwWkhSb0lqb3lOREI5LklTRVprdmdCUTVTNDFwdk82emdTb0RsUWdrWHBsNlBxZW13WXZIa3lGNG8
게리 올드만,https://an2-img.amz.wtchn.net/image/v2/a117b854ade4dcdfa4738eb0c748969c.jpg?jwt=ZXlKaGJHY2lPaUpJVXpJMU5pSjkuZXlKamNtOXdJanAwY25WbExDSm9aV2xuYUhRaU9qSTBNQ3dpY0dGMGFDSTZJaTkyTVM5d1pXOXdiR1V2YldWa2FYVnRMemcxWVRZeE5USTJNemxoWkdKbFl6VTFOVGt3TG1wd1p5SXNJbmRwWkhSb0lqb3lOREI5LkNVOGFRd2tITUJGejcyckxFaHBMZlVfZGdWQVk0N3NwbVVNVl9lVU5Gczg
로비 콜트레인,https://an2-img.amz.wtchn.net/image/v2/b8192c7b4fcf0a9acaebfe42fd186af8.jpg?jwt=ZXlKaGJHY2lPaUpJVXpJMU5pSjkuZXlKamNtOXdJanAwY25WbExDSm9aV2xuYUhRaU9qSTBNQ3dpY0dGMGFDSTZJaTkyTVM5d1pXOXdiR1V2YldWa2FYVnRMMkptTm1Oak1HUTBNMkppT1daaU1EWTVZbU01TG1wd1p5SXNJbmRwWkhSb0lqb3lOREI5LldzV01lM2t4bGRXNUtUUVBMem1kcUVLQkFybG5fRGhNZjB0eWVReEZoRFk
데미언 셔젤,https://an2-img.amz.wtchn.net/image/v2/8a3fbf2d7720ccc0775ae6184f176caf.jpg?jwt=ZXlKaGJHY2lPaUpJVXpJMU5pSjkuZXlKamNtOXdJanAwY25WbExDSm9aV2xuYUhRaU9qSTBNQ3dpY0dGMGFDSTZJaTkyTVM5d1pXOXdiR1V2YldWa2FYVnRMekl4WlRVd01qRmpZVFU0WWprM01qbGxNakUwTG1wd1p5SXNJbmRwWkhSb0lqb3lOREI5Lk82cnJIOXA1TFJDcHJ1NmVEM0RrZU0yam0weW1VZUdKMjJMMlJjLVhuVzg
라이언 고슬링,https://an2-img.amz.wtchn.net/image/v2/8cea0a07210f29b9e69484f43cdb68c8.jpg?jwt=ZXlKaGJHY2lPaUpJVXpJMU5pSjkuZXlKamNtOXdJanAwY25WbExDSm9aV2xuYUhRaU9qSTBNQ3dpY0dGMGFDSTZJaTkyTVM5d1pXOXdiR1V2YldWa2FYVnRMekE1TlRGbFlqWmxZbUprTkRNeU9UZGlOR1psTG1wd1p5SXNJbmRwWkhSb0lqb3lOREI5LmlxRVJIbjdCWjdMYmJITXZ4dmtNOUZhYU5XUUV6VngwcTFZTVEtRTZER2s
엠마 스톤,https://an2-img.amz.wtchn.net/image/v2/81aa5e6418eb17d4f7ec1d3cb318f974.jpg?jwt=ZXlKaGJHY2lPaUpJVXpJMU5pSjkuZXlKamNtOXdJanAwY25WbExDSm9aV2xuYUhRaU9qSTBNQ3dpY0dGMGFDSTZJaTkyTVM5d1pXOXdiR1V2YldWa2FYVnRMelV6TW1NeU5XVmlObUZqWlRoaE1UaGxaV0l4TG1wd1p5SXNJbmRwWkhSb0lqb3lOREI5Lk1Ba05YbGdBd3drMkYzTkZ0dlctYUltekRUak1iUGJGNExjYzJPNGJOTUU
존 레전드,https://an2-img.amz.wtchn.net/image/v2/5fabee9bf18cf58375b490ac7859c720.jpg?jwt=ZXlKaGJHY2lPaUpJVXpJMU5pSjkuZXlKamNtOXdJanAwY25WbExDSm9aV2xuYUhRaU9qSTBNQ3dpY0dGMGFDSTZJaTkyTVM5d1pXOXdiR1V2YldWa2FYVnRMek13Tmprek5UaGhORGhoWVRreU9XRTJOV0ZoTG1wd1p5SXNJbmRwWkhSb0lqb3lOREI5LkJia3QteFFUYzNLcEpoTTlWVFFOV3h5S1V0WUNpOXFHR0tXeFpHbDNjWjA
J.K. 시몬스,https://an2-img.amz.wtchn.net/image/v2/2aa2e2233407e92585dd2e7ac6525cbd.jpg?jwt=ZXlKaGJHY2lPaUpJVXpJMU5pSjkuZXlKamNtOXdJanAwY25WbExDSm9aV2xuYUhRaU9qSTBNQ3dpY0dGMGFDSTZJaTkyTVM5d1pXOXdiR1V2YldWa2FYVnRMemcxTURVek1UWTJOVGt5TXpSaFlqQm1NREZrTG1wd1p5SXNJbmRwWkhSb0lqb3lOREI5LkdSVjdFQmZrMl84OEpjQkdIOHVCdEotNUlhWlI3Z0s5T1hueXlBWU5jaWs
로즈마리 드윗,https://an2-img.amz.wtchn.net/image/v2/3aca88511cc655f659c31ef537203339.jpg?jwt=ZXlKaGJHY2lPaUpJVXpJMU5pSjkuZXlKamNtOXdJanAwY25WbExDSm9aV2xuYUhRaU9qSTBNQ3dpY0dGMGFDSTZJaTkyTVM5d1pXOXdiR1V2YldWa2FYVnRMelE1TUdWaU9XWTJNak0xT0RFd1pUZ3pZakZrTG1wd1p5SXNJbmRwWkhSb0lqb3lOREI5LjIwVWZ1bThLMXdyVWFqSXprcnoxWHdrTktwT1NJS1drZFlRRmIwVUF1b0E
한스 페터 몰란트,https://an2-img.amz.wtchn.net/image/v2/4b2f12d8e2482c4cbd2481583a0ceafa.jpg?jwt=ZXlKaGJHY2lPaUpJVXpJMU5pSjkuZXlKamNtOXdJanAwY25WbExDSm9aV2xuYUhRaU9qSTBNQ3dpY0dGMGFDSTZJaTkyTVM5d1pXOXdiR1V2YldWa2FYVnRMekl5WVRjNU1tSmpNemhqWXpJME5HSXpNbVF6TG1wd1p5SXNJbmRwWkhSb0lqb3lOREI5LlZMMGZkTlU5dFJrVmtKMGxzdjFSRXZheGNZc3R5dkxZcWQ5Wl9Ld0Vaelk
리암 니슨,https://an2-img.amz.wtchn.net/image/v2/849b1a5aeec8626c56e861f4ba102738.jpg?jwt=ZXlKaGJHY2lPaUpJVXpJMU5pSjkuZXlKamNtOXdJanAwY25WbExDSm9aV2xuYUhRaU9qSTBNQ3dpY0dGMGFDSTZJaTkyTVM5d1pXOXdiR1V2YldWa2FYVnRMek5rWldGbVpETmtaalU0WmpRd1ltWTBOemxoTG1wd1p5SXNJbmRwWkhSb0lqb3lOREI5LmpZN0dwbU9jZF9LSlJPNDNBWHBhdDdrLUU1ZTJxMFdKalBWNUdGWTF1UUE
에미 로섬,https://an2-img.amz.wtchn.net/image/v2/efd1c5870a6f69630d4695568043eaa4.jpg?jwt=ZXlKaGJHY2lPaUpJVXpJMU5pSjkuZXlKamNtOXdJanAwY25WbExDSm9aV2xuYUhRaU9qSTBNQ3dpY0dGMGFDSTZJaTkyTVM5d1pXOXdiR1V2YldWa2FYVnRMemswTVRNNU0ySTJaVEpqWW1aaE5qRTJaamszTG1wd1p5SXNJbmRwWkhSb0lqb3lOREI5Ljhxb2Z4S0xRc09qalIwNjVJUWxta0xfM2RqamJTYTZJQ213cU1DV2dlbDg
로라 던,https://an2-img.amz.wtchn.net/image/v2/a28d2065efc4099e8edde63fc4e1e186.jpg?jwt=ZXlKaGJHY2lPaUpJVXpJMU5pSjkuZXlKamNtOXdJanAwY25WbExDSm9aV2xuYUhRaU9qSTBNQ3dpY0dGMGFDSTZJaTkyTVM5d1pXOXdiR1V2YldWa2FYVnRMMlJtWXpGa1lqQTFOVFV6Wm1JeVpXUTJPVFF4TG1wd1p5SXNJbmRwWkhSb0lqb3lOREI5LmtWazk1SXFabnhicExhN2tLcHJzY1c0RDdIQWxSOXF3VEp2QW1Ld1ZxU2s
줄리아 존스,https://an2-img.amz.wtchn.net/image/v2/fbb7a62744c6200c6246f2dd1edff5a3.jpg?jwt=ZXlKaGJHY2lPaUpJVXpJMU5pSjkuZXlKamNtOXdJanAwY25WbExDSm9aV2xuYUhRaU9qSTBNQ3dpY0dGMGFDSTZJaTkyTWk5emRHOXlaUzl3WlhKemIyNHZNVFl4TXpNeU1EQXlOVFU1TWpJek5EWTVNaUlzSW5kcFpIUm9Jam95TkRCOS5nOXR4aDgtR3V0Y2pUTFVXNXhvYUZqanRJTUdlVXY2VWlNSHNNQmFRUEpB
톰 베이트먼,https://an2-img.amz.wtchn.net/image/v2/7529827e1344dbd2ef609c82264597ac.jpg?jwt=ZXlKaGJHY2lPaUpJVXpJMU5pSjkuZXlKamNtOXdJanAwY25WbExDSm9aV2xuYUhRaU9qSTBNQ3dpY0dGMGFDSTZJaTkyTVM5d1pXOXdiR1V2YldWa2FYVnRMMlU0TVRSbVpqSTJZelV3WW1WaFlqSmxaREkwTG1wd1p5SXNJbmRwWkhSb0lqb3lOREI5Ll92VDhBRTliQzdldXVISF9kVy03U2Y2NklNVHRSM0tTWUFQRVZuVkRZZDQ
도이 노부히로,https://an2-img.amz.wtchn.net/image/v2/df89f2cf7bdd05cc1cb15db35cab3b50.jpg?jwt=ZXlKaGJHY2lPaUpJVXpJMU5pSjkuZXlKamNtOXdJanAwY25WbExDSm9aV2xuYUhRaU9qSTBNQ3dpY0dGMGFDSTZJaTkyTVM5d1pXOXdiR1V2YldWa2FYVnRMMkZpTURNMFlqRXlZamhsTnpJMFpXWmlaVEptTG1wd1p5SXNJbmRwWkhSb0lqb3lOREI5Lng3Sk1BZktUU1lucGYtZ2dQWGRCa2dPaXVKX1VOMERhUHg2Ry00N2ZpLVE
타케우치 유코,https://an2-img.amz.wtchn.net/image/v2/462d1b6de26e0ec7f1ec651460c64d4f.jpg?jwt=ZXlKaGJHY2lPaUpJVXpJMU5pSjkuZXlKamNtOXdJanAwY25WbExDSm9aV2xuYUhRaU9qSTBNQ3dpY0dGMGFDSTZJaTkyTVM5d1pXOXdiR1V2YldWa2FYVnRMekJrWmpReU5qWmpOelkyWVdWa1pqaG1PV1l6TG1wd1p5SXNJbmRwWkhSb0lqb3lOREI5LmdMRjdtVC00bHk5WkRWdVN2WEo3RkxkcDRUYy1SeGFNMjl5S2lJUDRPZzg
나카무라 시도,https://an2-img.amz.wtchn.net/image/v2/c9dc6dd12ac6b4311c35f47aef0b0e9f.jpg?jwt=ZXlKaGJHY2lPaUpJVXpJMU5pSjkuZXlKamNtOXdJanAwY25WbExDSm9aV2xuYUhRaU9qSTBNQ3dpY0dGMGFDSTZJaTkyTVM5d1pXOXdiR1V2YldWa2FYVnRMekJsWXpOak9UTmlOVEV4TWpjNE9ESmtZVFF4TG1wd1p5SXNJbmRwWkhSb0lqb3lOREI5Llh4TlBHNGRLVHdpenJxTjlOQlRmTVdsLXNSdVJCRHFLMTFzSkdYSHo5UTQ
타케이 아카시,https://an2-img.amz.wtchn.net/image/v2/b174ba61e98d138ae491d28ee0ec63b1.jpg?jwt=ZXlKaGJHY2lPaUpJVXpJMU5pSjkuZXlKamNtOXdJanAwY25WbExDSm9aV2xuYUhRaU9qSTBNQ3dpY0dGMGFDSTZJaTkyTVM5d1pXOXdiR1V2YldWa2FYVnRMemhoTURBNFpUQXdOV0kzT1RCaU1qRm1NMlUyTG1wd1p5SXNJbmRwWkhSb0lqb3lOREI5LnNXN2hHZnFHbXoxZ3RtUDZsNGJVQXFrUUM4NWhyTHlxdmd4TFltMjZncms
히라오카 유타,https://an2-img.amz.wtchn.net/image/v2/5a0d59f908c9a76f02d2334bb68cd81c.jpg?jwt=ZXlKaGJHY2lPaUpJVXpJMU5pSjkuZXlKamNtOXdJanAwY25WbExDSm9aV2xuYUhRaU9qSTBNQ3dpY0dGMGFDSTZJaTkyTVM5d1pXOXdiR1V2YldWa2FYVnRMMlkwWldZNU4ySmtPVFUyTXpoak1XSTNPVFV4TG1wd1p5SXNJbmRwWkhSb0lqb3lOREI5LkhzUzUxOTJCNTJNZzgxd09IRWhuVVU4WE81M1NhTXFIa3VVZEhiYUY2UUk
오오츠카 치히로,https://an2-img.amz.wtchn.net/image/v2/8ad9c408d992a9165808422584057b20.jpg?jwt=ZXlKaGJHY2lPaUpJVXpJMU5pSjkuZXlKamNtOXdJanAwY25WbExDSm9aV2xuYUhRaU9qSTBNQ3dpY0dGMGFDSTZJaTkyTVM5d1pXOXdiR1V2YldWa2FYVnRMMkV4TjJWbU5tSmxNMkkzTURBNU1EWXpOemhpTG1wd1p5SXNJbmRwWkhSb0lqb3lOREI5Lk5TR0JWeXo0b3BONkNtc01pZm9Tdmx2UXkxRTNPSldHN25yVHFjNWZfb2c
이와이 슌지,https://an2-img.amz.wtchn.net/image/v2/7618ccc6ad3f1dfcac67340b0d30a5b6.jpg?jwt=ZXlKaGJHY2lPaUpJVXpJMU5pSjkuZXlKamNtOXdJanAwY25WbExDSm9aV2xuYUhRaU9qSTBNQ3dpY0dGMGFDSTZJaTkyTVM5d1pXOXdiR1V2YldWa2FYVnRMemt4Tm1ZNFpHVXpabUZqWW1ObE9XSXdPV0V5TG1wd1p5SXNJbmRwWkhSb0lqb3lOREI5LlBUVjJ0R1VXaFQzbHVDQ1h4ZlVKX1ZWdWVxVDdjTm9Nc2E5ckxuT21iOEU
나카야마 미호,https://an2-img.amz.wtchn.net/image/v2/82bbf1baa39a5afa8ee8b481b990fc3d.jpg?jwt=ZXlKaGJHY2lPaUpJVXpJMU5pSjkuZXlKamNtOXdJanAwY25WbExDSm9aV2xuYUhRaU9qSTBNQ3dpY0dGMGFDSTZJaTkyTWk5emRHOXlaUzl3WlhKemIyNHZNVFl3T0RZd01EYzNORE0yTnpRME16UTJNQ0lzSW5kcFpIUm9Jam95TkRCOS43TTRiQTNodUVQY3N3bGNMMzBXVkxselp4aWJFbGFnNnFXOW5ybUE4WVd3
토요카와 에츠시,https://an2-img.amz.wtchn.net/image/v2/55b52e9d2985cd1017dcb63a6644a4c7.jpg?jwt=ZXlKaGJHY2lPaUpJVXpJMU5pSjkuZXlKamNtOXdJanAwY25WbExDSm9aV2xuYUhRaU9qSTBNQ3dpY0dGMGFDSTZJaTkyTVM5d1pXOXdiR1V2YldWa2FYVnRMek5tWWpVMVpUaGxZVFF6WlROa05qQmhPR0UxTG1wd1p5SXNJbmRwWkhSb0lqb3lOREI5Li1vYWF3RGY1cDhTUE1LUXN4U3R0dEdlUWFQcVF4SWdQd1kyNHNYOHh1Um8
카시와바라 타카시,https://an2-img.amz.wtchn.net/image/v2/d951474ba8e14a5afe56bd58a6797b38.jpg?jwt=ZXlKaGJHY2lPaUpJVXpJMU5pSjkuZXlKamNtOXdJanAwY25WbExDSm9aV2xuYUhRaU9qSTBNQ3dpY0dGMGFDSTZJaTkyTWk5emRHOXlaUzl3WlhKemIyNHZNVFl3T0RZd01EZ3hOemM0TXpneE1qUTBPU0lzSW5kcFpIUm9Jam95TkRCOS5nSnNpOVZlWTFHVkFZMmlKN2ZzMjlWUTk0dUtObUE3R2hNZmlrbF9UcEJF
사카이 미키,https://an2-img.amz.wtchn.net/image/v2/16369adf162b77be1a40dc5e1d9f97d9.jpg?jwt=ZXlKaGJHY2lPaUpJVXpJMU5pSjkuZXlKamNtOXdJanAwY25WbExDSm9aV2xuYUhRaU9qSTBNQ3dpY0dGMGFDSTZJaTkyTVM5d1pXOXdiR1V2YldWa2FYVnRMek16TXpBMlpUVXpNRGhtTW1WalkyTTRObVZtTG1wd1p5SXNJbmRwWkhSb0lqb3lOREI5LnZZNlo4cGVJaGNwLXRVSGVVSTJrNFNPb1BaNVlTbXBNTzRIX0tYTXMyeTQ
한 번자쿠,https://an2-img.amz.wtchn.net/image/v2/93d88963442f3f54d5bdab27f33a584d.jpeg?jwt=ZXlKaGJHY2lPaUpJVXpJMU5pSjkuZXlKamNtOXdJanAwY25WbExDSm9aV2xuYUhRaU9qSTBNQ3dpY0dGMGFDSTZJaTkyTWk5emRHOXlaUzl3WlhKemIyNHZNVFl3T0RZd01EazFNemcxTXpBNE5USXdNeUlzSW5kcFpIUm9Jam95TkRCOS55eU5WTTVIQi1MOGxjdWJHNjJNLVVfT0JacGZETHY3RS1rSHlzRlNoUVVr
드니 빌뇌브,https://an2-img.amz.wtchn.net/image/v2/e9371dbe9e6df66bab3249d4edaf6dda.jpg?jwt=ZXlKaGJHY2lPaUpJVXpJMU5pSjkuZXlKamNtOXdJanAwY25WbExDSm9aV2xuYUhRaU9qSTBNQ3dpY0dGMGFDSTZJaTkyTVM5d1pXOXdiR1V2YldWa2FYVnRMekJoWVRnd1pESTJNMlkzWXpSbE5qWmpNMkppTG1wd1p5SXNJbmRwWkhSb0lqb3lOREI5LnQ5czIydFlxb1ZyUDI5T3EwaUo5Z2ktQ1FnbzVoU1dkdVE3RnUwbXBXMTA
해리슨 포드,https://an2-img.amz.wtchn.net/image/v2/354c96b5172c58d96a6485d5a1eccc7e.jpg?jwt=ZXlKaGJHY2lPaUpJVXpJMU5pSjkuZXlKamNtOXdJanAwY25WbExDSm9aV2xuYUhRaU9qSTBNQ3dpY0dGMGFDSTZJaTkyTVM5d1pXOXdiR1V2YldWa2FYVnRMMlF6T0RRek0yVmhOR1poT1dWaVpqZzBZemczTG1wd1p5SXNJbmRwWkhSb0lqb3lOREI5Ll9RR3ltcnBxbW9iWGtFQXllUE9iUU5tVWhzclBZZTY0N0JQSTNOcG01Tm8
우드 해리스,https://an2-img.amz.wtchn.net/image/v2/b1a4d1b0c23576f77ff05d7396496e13.jpg?jwt=ZXlKaGJHY2lPaUpJVXpJMU5pSjkuZXlKamNtOXdJanAwY25WbExDSm9aV2xuYUhRaU9qSTBNQ3dpY0dGMGFDSTZJaTkyTVM5d1pXOXdiR1V2YldWa2FYVnRMemRoTURKak56bGlOek5rTnpZd1ltRTFOalUwTG1wd1p5SXNJbmRwWkhSb0lqb3lOREI5Lkd4Z1p1SGt3UDlfVktrQUpPN19CUFN4YTdNN0JzZlR2X29TUHNVUWlhM2c
숀 영,https://an2-img.amz.wtchn.net/image/v2/4f6cf97a7d14b87e5334b1aaf5884f8b.jpg?jwt=ZXlKaGJHY2lPaUpJVXpJMU5pSjkuZXlKamNtOXdJanAwY25WbExDSm9aV2xuYUhRaU9qSTBNQ3dpY0dGMGFDSTZJaTkyTVM5d1pXOXdiR1V2YldWa2FYVnRMek00TVRObU5UTmlPR05qWlRabU9XSTRZVGc1TG1wd1p5SXNJbmRwWkhSb0lqb3lOREI5Lk1GcXlqTlN1RG9nelVWUVM5TTlmTENuRFZXNTZyT3QxMVBvcXc1NEtuQ0U
아나 드 아르마스,https://an2-img.amz.wtchn.net/image/v2/a1c4c2036c0b8aa245af30860837ec8a.jpg?jwt=ZXlKaGJHY2lPaUpJVXpJMU5pSjkuZXlKamNtOXdJanAwY25WbExDSm9aV2xuYUhRaU9qSTBNQ3dpY0dGMGFDSTZJaTkyTVM5d1pXOXdiR1V2YldWa2FYVnRMekV6TVRCbU5qUmpNbVF6TkdNM016QTBORGsxTG1wd1p5SXNJbmRwWkhSb0lqb3lOREI5Lkh0T2VRNDIwTGpLckhNdzBfVHRaVEEzdVRONGRnOU1ncDZGVkc3UUtLZGM
구스 반 산트,https://an2-img.amz.wtchn.net/image/v2/da80336770155a67e70794d40e90df90.jpg?jwt=ZXlKaGJHY2lPaUpJVXpJMU5pSjkuZXlKamNtOXdJanAwY25WbExDSm9aV2xuYUhRaU9qSTBNQ3dpY0dGMGFDSTZJaTkyTVM5d1pXOXdiR1V2YldWa2FYVnRMMlkzWm1Jd1l6VXdZamRsTTJKbFpUWTBObU5sTG1wd1p5SXNJbmRwWkhSb0lqb3lOREI5LnNxSnUxczZ1R19TQUN4UF9ucm5Bb2pJZkg4Y3FxYmpLNDdhQXpIcDFXRzA
맷 데이먼,https://an2-img.amz.wtchn.net/image/v2/3126a6bff8e3dbe21bb7807b9461d936.jpg?jwt=ZXlKaGJHY2lPaUpJVXpJMU5pSjkuZXlKamNtOXdJanAwY25WbExDSm9aV2xuYUhRaU9qSTBNQ3dpY0dGMGFDSTZJaTkyTVM5d1pXOXdiR1V2YldWa2FYVnRMekkyWkdRNE5tRXlZbVZoWkRJMk9ESmtOelJrTG1wd1p5SXNJbmRwWkhSb0lqb3lOREI5LnlGMzRuWEZod2g0OUZLanZ2YmNPMTJiemE5NU5QSE1DdUZnSE1EQjlkNWs
로빈 윌리엄스,https://an2-img.amz.wtchn.net/image/v2/ce99aa6a8ea7e94dd9e52ff229df76e1.jpg?jwt=ZXlKaGJHY2lPaUpJVXpJMU5pSjkuZXlKamNtOXdJanAwY25WbExDSm9aV2xuYUhRaU9qSTBNQ3dpY0dGMGFDSTZJaTkyTWk5emRHOXlaUzl3WlhKemIyNHZNVFl4TWpRd01qRTFNREV3TWpnd01EWTNOQ0lzSW5kcFpIUm9Jam95TkRCOS5HRm5zSl91bUNobUpJcW1BRTNwaDF1R2dwYS1xTVhxeWoxNjFEa25Sa3Vv
벤 애플렉,https://an2-img.amz.wtchn.net/image/v2/755d87b388bb2be1d46a4179361513af.jpg?jwt=ZXlKaGJHY2lPaUpJVXpJMU5pSjkuZXlKamNtOXdJanAwY25WbExDSm9aV2xuYUhRaU9qSTBNQ3dpY0dGMGFDSTZJaTkyTVM5d1pXOXdiR1V2YldWa2FYVnRMMlk0TkRVMU1EQXhOelkzT1dJME9HRmtOakE1TG1wd1p5SXNJbmRwWkhSb0lqb3lOREI5LklTa2VZazhOOFlic2VxSVQ4OFBoZXY0ZTZkZEFVbUdRUF9PU1o2X0ZrQW8
스텔란 스카스가드,https://an2-img.amz.wtchn.net/image/v2/8c6f4f5f4feb399174bc6a5437155121.jpg?jwt=ZXlKaGJHY2lPaUpJVXpJMU5pSjkuZXlKamNtOXdJanAwY25WbExDSm9aV2xuYUhRaU9qSTBNQ3dpY0dGMGFDSTZJaTkyTVM5d1pXOXdiR1V2YldWa2FYVnRMMlprWkRNelpXWXhNalJoTVdNNE9EWTNNREJsTG1wd1p5SXNJbmRwWkhSb0lqb3lOREI5LmQxYUN0dl9hQTJIN1NwYmVpbDlVcDQza0x2QmQ4UUdsNHNyMTVZaGM4ck0
미니 드라이버,https://an2-img.amz.wtchn.net/image/v2/d6ff0699e50f1e4c114f2a8f61e47f75.jpg?jwt=ZXlKaGJHY2lPaUpJVXpJMU5pSjkuZXlKamNtOXdJanAwY25WbExDSm9aV2xuYUhRaU9qSTBNQ3dpY0dGMGFDSTZJaTkyTVM5d1pXOXdiR1V2YldWa2FYVnRMekZoWldWaE4yWmxaVFUwTURrMU5tVXlZbU0zTG1wd1p5SXNJbmRwWkhSb0lqb3lOREI5LkFPTEdFSWVUd29pVjVnSHVLOW90bnE1eUJaUTk1bDBGd2RoaWhnV1VRS0k
산드라 블록,https://an2-img.amz.wtchn.net/image/v2/9e2a83acccabaf7446bb6f92aa87d645.jpg?jwt=ZXlKaGJHY2lPaUpJVXpJMU5pSjkuZXlKamNtOXdJanAwY25WbExDSm9aV2xuYUhRaU9qSTBNQ3dpY0dGMGFDSTZJaTkyTVM5d1pXOXdiR1V2YldWa2FYVnRMekk0Tm1VNFlUVXpPR1E1WVRVM09XUmhOV1l5TG1wd1p5SXNJbmRwWkhSb0lqb3lOREI5LmVXRUhrX2VOMXA5M2x4SlZRdlpmV1J1VWhFcGVmUG12SV83VXl0Tm11ZVU
조지 클루니,https://an2-img.amz.wtchn.net/image/v2/8035c4558e5f6ba9949b735b60b0b886.jpg?jwt=ZXlKaGJHY2lPaUpJVXpJMU5pSjkuZXlKamNtOXdJanAwY25WbExDSm9aV2xuYUhRaU9qSTBNQ3dpY0dGMGFDSTZJaTkyTVM5d1pXOXdiR1V2YldWa2FYVnRMMk15T1RNMFkyVXdZbVkxTkdJNE5UZ3dPRGc0TG1wd1p5SXNJbmRwWkhSb0lqb3lOREI5Lnc0VVFUc29zSGVraUpOWXBzaHF3RlNQVkFzckREWWg5VVliVzhSZHlHM0U
에드 해리스,https://an2-img.amz.wtchn.net/image/v2/292295d652d304a75900a7148f120f5c.jpg?jwt=ZXlKaGJHY2lPaUpJVXpJMU5pSjkuZXlKamNtOXdJanAwY25WbExDSm9aV2xuYUhRaU9qSTBNQ3dpY0dGMGFDSTZJaTkyTVM5d1pXOXdiR1V2YldWa2FYVnRMemswTXpGaVpqYzBNMlUwTVRoaE5ESTVOalV4TG1wd1p5SXNJbmRwWkhSb0lqb3lOREI5LjI3WGRSY3hfSERPcnU5SERPakJEWkdtLWdadmF2U3gteDR2WlZPTGtGcDg
오르토 이그나티우센,https://an2-img.amz.wtchn.net/image/v2/8d526714a71e91cec16f6b5e19a570dc.jpg?jwt=ZXlKaGJHY2lPaUpJVXpJMU5pSjkuZXlKamNtOXdJanAwY25WbExDSm9aV2xuYUhRaU9qSTBNQ3dpY0dGMGFDSTZJaTkyTVM5d1pXOXdiR1V2YldWa2FYVnRMMk0xWTJRM05EQTJaak16TXpFeU9XUTBOMk15TG1wd1p5SXNJbmRwWkhSb0lqb3lOREI5LkZMcHpzWGgzYm9FMDRlM0FKczFmRWxLN2RDSFVxWHdxSm9ndm5PNEFMRk0
팔두트 샤마,https://an2-img.amz.wtchn.net/image/v2/b5ad11ebc6cec1856df706e2f21df900.jpg?jwt=ZXlKaGJHY2lPaUpJVXpJMU5pSjkuZXlKamNtOXdJanAwY25WbExDSm9aV2xuYUhRaU9qSTBNQ3dpY0dGMGFDSTZJaTkyTVM5d1pXOXdiR1V2YldWa2FYVnRMMkUxTWpGak1HSXdObVJpTVROak9UbGlPV015TG1wd1p5SXNJbmRwWkhSb0lqb3lOREI5LlY2MXVuMzJZNlVXaUh2NVZnWGxEQkNIUWJ2dzFQSnJuLUNIN054X0FaZ0E
스티븐 스필버그,https://an2-img.amz.wtchn.net/image/v2/a9d1e6fb2a4a56e18813687de3a68ac9.jpg?jwt=ZXlKaGJHY2lPaUpJVXpJMU5pSjkuZXlKamNtOXdJanAwY25WbExDSm9aV2xuYUhRaU9qSTBNQ3dpY0dGMGFDSTZJaTkyTVM5d1pXOXdiR1V2YldWa2FYVnRMMkpsWVRVek9HUmlOR0ZtT0RGa1pHRmhaVGt5TG1wd1p5SXNJbmRwWkhSb0lqb3lOREI5Lk9vbENvcnoxVW1xRldUdDIxVFRaeWJIdzY1V3lPZzNMQWJhZzNzY2g2VXc
톰 크루즈,https://an2-img.amz.wtchn.net/image/v2/3ed0100066725b0e4985b1d52d61fb6f.jpg?jwt=ZXlKaGJHY2lPaUpJVXpJMU5pSjkuZXlKamNtOXdJanAwY25WbExDSm9aV2xuYUhRaU9qSTBNQ3dpY0dGMGFDSTZJaTkyTVM5d1pXOXdiR1V2YldWa2FYVnRMemczWW1JME0yVTJOamxqTURsak9ERXpPRGMxTG1wd1p5SXNJbmRwWkhSb0lqb3lOREI5Lno2ZzE2NHc1RDVWcVl3RHEyYXAtc3hHWlA5MF9uZkpzUkNlUzNfVHZJZUk
막스 폰 시도우,https://an2-img.amz.wtchn.net/image/v2/b2b6e067555e571832e28f353c2fbfe4.jpg?jwt=ZXlKaGJHY2lPaUpJVXpJMU5pSjkuZXlKamNtOXdJanAwY25WbExDSm9aV2xuYUhRaU9qSTBNQ3dpY0dGMGFDSTZJaTkyTVM5d1pXOXdiR1V2YldWa2FYVnRMek15TVdJeU1HRmpaakkyTVRVeE5qZG1OR0ZqTG1wd1p5SXNJbmRwWkhSb0lqb3lOREI5LmVCWUI5RERKNGxGSjB3RU5vUkl0X3IxZWtSclZvTGFXRkFMTjkwclp0Y2s
콜린 파렐,https://an2-img.amz.wtchn.net/image/v2/be86350e72dee66cf03d4372b1329c34.jpg?jwt=ZXlKaGJHY2lPaUpJVXpJMU5pSjkuZXlKamNtOXdJanAwY25WbExDSm9aV2xuYUhRaU9qSTBNQ3dpY0dGMGFDSTZJaTkyTVM5d1pXOXdiR1V2YldWa2FYVnRMMlF5TlRCbU5ETTRNVGMzT1RGaU16VmpOMlExTG1wd1p5SXNJbmRwWkhSb0lqb3lOREI5LlJVak9xQlh0N2JCMUp0eHJHTWdXTURMN0VuTE1YcXgzQmlCZ292el9PR2c
사만다 모튼,https://an2-img.amz.wtchn.net/image/v2/7c30fdbf7208ed87efb6f13bf3c96c45.jpg?jwt=ZXlKaGJHY2lPaUpJVXpJMU5pSjkuZXlKamNtOXdJanAwY25WbExDSm9aV2xuYUhRaU9qSTBNQ3dpY0dGMGFDSTZJaTkyTVM5d1pXOXdiR1V2YldWa2FYVnRMMkpsWm1Rd056VmlNVEF6TURVNE9HUmhOVGRsTG1wd1p5SXNJbmRwWkhSb0lqb3lOREI5Lk0xNEcwWDJiWHVSNnRXV2lBZzY3R19aNDg5UHJRb0R6Z3ZybEdsRVNrdEE
닐 맥도너,https://an2-img.amz.wtchn.net/image/v2/51580b5f7f98ac444bbdb0390776201d.jpg?jwt=ZXlKaGJHY2lPaUpJVXpJMU5pSjkuZXlKamNtOXdJanAwY25WbExDSm9aV2xuYUhRaU9qSTBNQ3dpY0dGMGFDSTZJaTkyTVM5d1pXOXdiR1V2YldWa2FYVnRMekprTXpFME1qazFaalEzWlRneE5qZzFOalEwTG1wd1p5SXNJbmRwWkhSb0lqb3lOREI5Ljh4SDZWT0dmUVEzV2lYZmlJcHN4dlBOZ19nNG5HdHdzd21TXzdIczJtTVU
프란시스 로렌스,https://an2-img.amz.wtchn.net/image/v2/d184c2b0eadf8583aa5462eab81d4cb3.jpg?jwt=ZXlKaGJHY2lPaUpJVXpJMU5pSjkuZXlKamNtOXdJanAwY25WbExDSm9aV2xuYUhRaU9qSTBNQ3dpY0dGMGFDSTZJaTkyTVM5d1pXOXdiR1V2YldWa2FYVnRMelF6TURNNU5UZzJPREU0WkRnMk5EYzJOemRtTG1wd1p5SXNJbmRwWkhSb0lqb3lOREI5LmlaaDlPTmRWM256RHlHLXdLVVdJNWJNS3ZZUGw0V0NrOC1IY3FXZElOMTA
키아누 리브스,https://an2-img.amz.wtchn.net/image/v2/3b35b4fd67228ddd2358108e85ed85fa.jpg?jwt=ZXlKaGJHY2lPaUpJVXpJMU5pSjkuZXlKamNtOXdJanAwY25WbExDSm9aV2xuYUhRaU9qSTBNQ3dpY0dGMGFDSTZJaTkyTVM5d1pXOXdiR1V2YldWa2FYVnRMelF5WVRRNU9XTTJOREU0TkRnek1qUmxZemMzTG1wd1p5SXNJbmRwWkhSb0lqb3lOREI5LmViR3JqRHplTkd1ejFWSEJTRTlDc0U3Nl9WU0RGWTFBZDFrU1huMW9fb2c
레이첼 바이스,https://an2-img.amz.wtchn.net/image/v2/fd6273291252b6d34f89a739f1e6f96b.jpg?jwt=ZXlKaGJHY2lPaUpJVXpJMU5pSjkuZXlKamNtOXdJanAwY25WbExDSm9aV2xuYUhRaU9qSTBNQ3dpY0dGMGFDSTZJaTkyTVM5d1pXOXdiR1V2YldWa2FYVnRMekpqTWpCak9ETTNZVGc0WldJMlltUXpObUU1TG1wd1p5SXNJbmRwWkhSb0lqb3lOREI5Lmg1Ri1HT1NmcnFrMG56eG1rUXdvVTBWS29QRW9ZRkNLeVR1c1RESTc3WTg
샤이아 라보프,https://an2-img.amz.wtchn.net/image/v2/1370194e5b1a1773aef23b1ca692ff20.jpg?jwt=ZXlKaGJHY2lPaUpJVXpJMU5pSjkuZXlKamNtOXdJanAwY25WbExDSm9aV2xuYUhRaU9qSTBNQ3dpY0dGMGFDSTZJaTkyTVM5d1pXOXdiR1V2YldWa2FYVnRMekEzTkdVMVlUZ3dOMlZqT1dGaFl6STVZMk00TG1wd1p5SXNJbmRwWkhSb0lqb3lOREI5LmNsSnA2NTZ0MnNPc19Nd3ljNzhoSVg4MkpfM2xucjd1VEFTWHNCclkyTUU
틸다 스윈튼,https://an2-img.amz.wtchn.net/image/v2/0e6c3de0e5dfbf6b035f39ce5c2875f6.jpg?jwt=ZXlKaGJHY2lPaUpJVXpJMU5pSjkuZXlKamNtOXdJanAwY25WbExDSm9aV2xuYUhRaU9qSTBNQ3dpY0dGMGFDSTZJaTkyTVM5d1pXOXdiR1V2YldWa2FYVnRMMlV3TnpSa05qQTVZV1JoTWpkaE9UZGhNMk01TG1wd1p5SXNJbmRwWkhSb0lqb3lOREI5LlAya3dYTUVKOG5STFZJRFRvc08zTGgwbHFqRjI3c3l1dENrWlVqWFQ2NjQ
프루이트 테일러 빈스,https://an2-img.amz.wtchn.net/image/v2/383ac89726b33f79cc7e92521363d7a3.jpg?jwt=ZXlKaGJHY2lPaUpJVXpJMU5pSjkuZXlKamNtOXdJanAwY25WbExDSm9aV2xuYUhRaU9qSTBNQ3dpY0dGMGFDSTZJaTkyTVM5d1pXOXdiR1V2YldWa2FYVnRMemt5TURFM1kyWmtNVEJrTXpnMlpUZzBOR1E0TG1wd1p5SXNJbmRwWkhSb0lqb3lOREI5LkN6OVJvTjd1TnBEVjJnMnc1VFd6V0p0c3VMZUJOMmsxNmVkNEdwdENVb0U
데이빗 핀처,https://an2-img.amz.wtchn.net/image/v2/cc73b13e39f46a1b677448427eee36cf.jpg?jwt=ZXlKaGJHY2lPaUpJVXpJMU5pSjkuZXlKamNtOXdJanAwY25WbExDSm9aV2xuYUhRaU9qSTBNQ3dpY0dGMGFDSTZJaTkyTVM5d1pXOXdiR1V2YldWa2FYVnRMMlV4WmpobU9EQTRNRFExTWpjek56aGlNakE0TG1wd1p5SXNJbmRwWkhSb0lqb3lOREI5LjdBOFNaSXJMX0NCb0xZeXRzOTVtR1NKSEtyYWtMNHotek96U0U1RXVuTjQ
브래드 피트,https://an2-img.amz.wtchn.net/image/v2/296c6f72355910838aea54fe590e583b.jpg?jwt=ZXlKaGJHY2lPaUpJVXpJMU5pSjkuZXlKamNtOXdJanAwY25WbExDSm9aV2xuYUhRaU9qSTBNQ3dpY0dGMGFDSTZJaTkyTVM5d1pXOXdiR1V2YldWa2FYVnRMekV4TVRnM1pHVTBNR1V6TWpReVlUbGxaamt5TG1wd1p5SXNJbmRwWkhSb0lqb3lOREI5LnpEREdwSkdFRHA2b2hTT3JBZmU5Zl83ZXlpY1JSVnIxRldQZHBEbjZmTEE
에드워드 노튼,https://an2-img.amz.wtchn.net/image/v2/3d6afa4b65605feea4573674a9691e3a.jpg?jwt=ZXlKaGJHY2lPaUpJVXpJMU5pSjkuZXlKamNtOXdJanAwY25WbExDSm9aV2xuYUhRaU9qSTBNQ3dpY0dGMGFDSTZJaTkyTVM5d1pXOXdiR1V2YldWa2FYVnRMMll4TW1Sak16aGxPREpsTW1RMVpEZzFZemcyTG1wd1p5SXNJbmRwWkhSb0lqb3lOREI5LlVITktQNXZ6UmZRaFd4MGY5Ui1hZ3UzeFA4NjY2cEFyckk4U25iVFFtS3M
헬레나 본햄 카터,https://an2-img.amz.wtchn.net/image/v2/6eb629c8d658641093fddda022bea94a.jpg?jwt=ZXlKaGJHY2lPaUpJVXpJMU5pSjkuZXlKamNtOXdJanAwY25WbExDSm9aV2xuYUhRaU9qSTBNQ3dpY0dGMGFDSTZJaTkyTVM5d1pXOXdiR1V2YldWa2FYVnRMelZoT0RjNE4yVTFOR0kwTmpBMU1qWmxPVFk1TG1wd1p5SXNJbmRwWkhSb0lqb3lOREI5LkNmWmREci1FQTcxTXV3UUltWGh4Q09sZUJYd3B0bGZVTWJKdkc5Vl9wc28
미트 로프,https://an2-img.amz.wtchn.net/image/v2/6e52da13f43beaa88d456b17ac99a065.jpg?jwt=ZXlKaGJHY2lPaUpJVXpJMU5pSjkuZXlKamNtOXdJanAwY25WbExDSm9aV2xuYUhRaU9qSTBNQ3dpY0dGMGFDSTZJaTkyTVM5d1pXOXdiR1V2YldWa2FYVnRMMlk0Wm1VNE9HRmxOakk0TVdVd1l6VTVZbUZqTG1wd1p5SXNJbmRwWkhSb0lqb3lOREI5Li1kX1J5VVJQaWt2NExvYnE3bWhHcy1MMmxiQkY1STNQSG1YQl9FNlJyQW8
자레드 레토,https://an2-img.amz.wtchn.net/image/v2/dbeac16297cc7f6bf183ba02ac689d7f.jpg?jwt=ZXlKaGJHY2lPaUpJVXpJMU5pSjkuZXlKamNtOXdJanAwY25WbExDSm9aV2xuYUhRaU9qSTBNQ3dpY0dGMGFDSTZJaTkyTVM5d1pXOXdiR1V2YldWa2FYVnRMMkUzTkdNNFkyRTNNVGRqWW1JME9EazJOVEUwTG1wd1p5SXNJbmRwWkhSb0lqb3lOREI5LjUtdzlzYmxJTDBvc3RPXzcwc2h5YkFUMEwzblA4bU1JdW8tUDBkZEFXUFk
리들리 스콧,https://an2-img.amz.wtchn.net/image/v2/1fbd4682416e9252250bdcd4f4d05379.jpg?jwt=ZXlKaGJHY2lPaUpJVXpJMU5pSjkuZXlKamNtOXdJanAwY25WbExDSm9aV2xuYUhRaU9qSTBNQ3dpY0dGMGFDSTZJaTkyTVM5d1pXOXdiR1V2YldWa2FYVnRMelZtWTJFeFpqUmtNVFkzWVRVMVlXWTFZVFV6TG1wd1p5SXNJbmRwWkhSb0lqb3lOREI5LktURURrNE96U2dORXBpejd3U3lpbmhVOVBPNEIxdHRCNFI1TU1kLVhXUG8
러셀 크로우,https://an2-img.amz.wtchn.net/image/v2/5520a113aac1e013c5daf1d85f206076.jpg?jwt=ZXlKaGJHY2lPaUpJVXpJMU5pSjkuZXlKamNtOXdJanAwY25WbExDSm9aV2xuYUhRaU9qSTBNQ3dpY0dGMGFDSTZJaTkyTVM5d1pXOXdiR1V2YldWa2FYVnRMemMzTnpVMU16QmxaREl3TURBek16QXdNVGcxTG1wd1p5SXNJbmRwWkhSb0lqb3lOREI5LkZvS3k5NUprSEVVYmVDTnVLYVRVa05LbVVzSzlOSXBGUTA2NDV4RURkM28
호아킨 피닉스,https://an2-img.amz.wtchn.net/image/v2/b72aa04ebacaec847df95b59fd892b6c.jpg?jwt=ZXlKaGJHY2lPaUpJVXpJMU5pSjkuZXlKamNtOXdJanAwY25WbExDSm9aV2xuYUhRaU9qSTBNQ3dpY0dGMGFDSTZJaTkyTVM5d1pXOXdiR1V2YldWa2FYVnRMMkV5WmpFME9HTTRNR1UzTVRVME4yTTNNVE5rTG1wd1p5SXNJbmRwWkhSb0lqb3lOREI5LnFEY1Zrc1d4QTNiZDAwQXphNExId3F3SG1uY19WaGkwZU5LRXBkUmtnYTg
코니 닐슨,https://an2-img.amz.wtchn.net/image/v2/98efaabe6994de944a4df0671cade35b.jpg?jwt=ZXlKaGJHY2lPaUpJVXpJMU5pSjkuZXlKamNtOXdJanAwY25WbExDSm9aV2xuYUhRaU9qSTBNQ3dpY0dGMGFDSTZJaTkyTVM5d1pXOXdiR1V2YldWa2FYVnRMelE1WkRCbU1qSTFOVEkwWmpCalpUVmtOMkZrTG1wd1p5SXNJbmRwWkhSb0lqb3lOREI5LjBPWGsyblBNOENDWGpPZGtDYkpWMGF5cjRmTFN2WDRqVzMyWEVWUHJtaEU
올리버 리드,https://an2-img.amz.wtchn.net/image/v2/0331f8ddbdd30b1114490673defd8b5a.jpg?jwt=ZXlKaGJHY2lPaUpJVXpJMU5pSjkuZXlKamNtOXdJanAwY25WbExDSm9aV2xuYUhRaU9qSTBNQ3dpY0dGMGFDSTZJaTkyTVM5d1pXOXdiR1V2YldWa2FYVnRMell6TkRObU9EZGpZbVkyT1RWaE5UYzBaRGM1TG1wd1p5SXNJbmRwWkhSb0lqb3lOREI5LnhmRlQtUHZ1QVlFcXlQaWJ5eEFBZ1hfeUp3a0UtTFNOQVpkNHZvX05YajQ
데릭 자코비,https://an2-img.amz.wtchn.net/image/v2/efebdd99baa10b1eab63cf34a3e7ee37.jpg?jwt=ZXlKaGJHY2lPaUpJVXpJMU5pSjkuZXlKamNtOXdJanAwY25WbExDSm9aV2xuYUhRaU9qSTBNQ3dpY0dGMGFDSTZJaTkyTVM5d1pXOXdiR1V2YldWa2FYVnRMek5oT1dZNU56QmpOV1psWVRJeVlqUXpaR1UxTG1wd1p5SXNJbmRwWkhSb0lqb3lOREI5LkppTmYyeEZiWXFEd0d3NHpvN3d0Ui1XampOU3l0ZlJKWGhhR2hnOWlXVTA
토드 필립스,https://an2-img.amz.wtchn.net/image/v2/8fa9a826649326289a9eabc245cb3af2.jpg?jwt=ZXlKaGJHY2lPaUpJVXpJMU5pSjkuZXlKamNtOXdJanAwY25WbExDSm9aV2xuYUhRaU9qSTBNQ3dpY0dGMGFDSTZJaTkyTVM5d1pXOXdiR1V2YldWa2FYVnRMek5qTWprNVlUYzBaREV4Wm1ZNE4yVTJPRGswTG1wd1p5SXNJbmRwWkhSb0lqb3lOREI5LkE1X1p3NFlXa0RubFdjeTNNQ2tPUUwtdHAza0dWNERxbUZxdE42cWd4U3c
프란시스 콘로이,https://an2-img.amz.wtchn.net/image/v2/b31fc5acb58ce050fb8fe033e7b6d667.jpg?jwt=ZXlKaGJHY2lPaUpJVXpJMU5pSjkuZXlKamNtOXdJanAwY25WbExDSm9aV2xuYUhRaU9qSTBNQ3dpY0dGMGFDSTZJaTkyTVM5d1pXOXdiR1V2YldWa2FYVnRMemcxWldaaU1URm1OVE0wTWprMk1UVXpOMkppTG1wd1p5SXNJbmRwWkhSb0lqb3lOREI5LklNOXJkVGpTcTFndVdnVl90MEZVSVRfMEZjdjJwRnUxZkxsa1IxWGQ5V0U
재지 비츠,https://an2-img.amz.wtchn.net/image/v2/2d4bf2fbee6748cb753fec7ae43410a5.jpg?jwt=ZXlKaGJHY2lPaUpJVXpJMU5pSjkuZXlKamNtOXdJanAwY25WbExDSm9aV2xuYUhRaU9qSTBNQ3dpY0dGMGFDSTZJaTkyTVM5d1pXOXdiR1V2YldWa2FYVnRMekprTkdObVltWTVNRGd3TXpNd00ySTROemhsTG1wd1p5SXNJbmRwWkhSb0lqb3lOREI5LlpsMC1fZnJ2dFQ1cC11cXVERkxfeFh4YVlCTEl0czV1Q28wTWFmb2JPU1k
로버트 드 니로,https://an2-img.amz.wtchn.net/image/v2/6fabe48c70e73e958d6343e60660080b.jpg?jwt=ZXlKaGJHY2lPaUpJVXpJMU5pSjkuZXlKamNtOXdJanAwY25WbExDSm9aV2xuYUhRaU9qSTBNQ3dpY0dGMGFDSTZJaTkyTVM5d1pXOXdiR1V2YldWa2FYVnRMemN3T0RCaU9UbGxNVFF4TlRFMk5HRmlOelJoTG1wd1p5SXNJbmRwWkhSb0lqb3lOREI5LkRjczVBajRhYjZLTGFGT2hOYkFXUUNSQ3c4cmF5SjY2RGpldnZYU2tpMWc
브렛 컬린,https://an2-img.amz.wtchn.net/image/v2/dd6166f273e8207a7c94b1d039599e67.jpg?jwt=ZXlKaGJHY2lPaUpJVXpJMU5pSjkuZXlKamNtOXdJanAwY25WbExDSm9aV2xuYUhRaU9qSTBNQ3dpY0dGMGFDSTZJaTkyTVM5d1pXOXdiR1V2YldWa2FYVnRMelJrTWpBd01XVXlZVGcwTUdNMU9HWXdZVGt3TG1wd1p5SXNJbmRwWkhSb0lqb3lOREI5Lm95c2ZmNTZzamZGNU53U2NvazlmZFNEc2xBMWxBemNXVEpId3BKRDlObUE
올랜도 블룸,https://an2-img.amz.wtchn.net/image/v2/a46f633743f076c1ed2faeba534a6af2.jpg?jwt=ZXlKaGJHY2lPaUpJVXpJMU5pSjkuZXlKamNtOXdJanAwY25WbExDSm9aV2xuYUhRaU9qSTBNQ3dpY0dGMGFDSTZJaTkyTVM5d1pXOXdiR1V2YldWa2FYVnRMMkl3TVdNNU1qVTNZbU0yWXpBek16aG1aVFkwTG1wd1p5SXNJbmRwWkhSb0lqb3lOREI5LlZnS0l3TzdMdUtCSjJ5V2c5LTA0QWFMUXJoSW9nTlRQOE9OVGV2VXA0Y3M
에바 그린,https://an2-img.amz.wtchn.net/image/v2/32382221fc52a5fa59b248dc2b29f3b3.jpg?jwt=ZXlKaGJHY2lPaUpJVXpJMU5pSjkuZXlKamNtOXdJanAwY25WbExDSm9aV2xuYUhRaU9qSTBNQ3dpY0dGMGFDSTZJaTkyTVM5d1pXOXdiR1V2YldWa2FYVnRMMk13TWpFME5EY3lNREE0TldVNU9XUmhNemMyTG1wd1p5SXNJbmRwWkhSb0lqb3lOREI5LlAzeDFDanRmSkEwV0M3ZzZDeE9KMG8zbHlRSDVnSXBBdGZPTXZMVkRPOE0
제레미 아이언스,https://an2-img.amz.wtchn.net/image/v2/17f3455e6625a9067780b2683847562d.jpg?jwt=ZXlKaGJHY2lPaUpJVXpJMU5pSjkuZXlKamNtOXdJanAwY25WbExDSm9aV2xuYUhRaU9qSTBNQ3dpY0dGMGFDSTZJaTkyTVM5d1pXOXdiR1V2YldWa2FYVnRMelpoTURaa1lUSXhaRGMwWkRCak9EY3dNRFJpTG1wd1p5SXNJbmRwWkhSb0lqb3lOREI5LlVqcDNNLVlLdGhNZXlCQ0tyMGJKcVV3UzVBNWVPTUpZZm1ZbC00TFJGU3M
데이빗 듈리스,https://an2-img.amz.wtchn.net/image/v2/6bb574aaf481d87a47868255485542a3.jpg?jwt=ZXlKaGJHY2lPaUpJVXpJMU5pSjkuZXlKamNtOXdJanAwY25WbExDSm9aV2xuYUhRaU9qSTBNQ3dpY0dGMGFDSTZJaTkyTVM5d1pXOXdiR1V2YldWa2FYVnRMMlpsT0RNd1kySm1OREV3TnpSa016SmhNR0psTG1wd1p5SXNJbmRwWkhSb0lqb3lOREI5LlUtUEdUUElqcTA0SXI4d0hSalRQZjJqMmNmbEFwVnRHT1J1RmQ2VVB0dE0